LICENSE-NOTES.md	2907	c32c90eefd6b217f75cfd0b3bec3d634cf384b38135efcde01e68f6607f69a54
index.tsv	32999	aea3f7c75e41d3c3a111924a0edde2e4d98ec8dc97608fd6f83c1bd85b5550f9
manifest.json	538790	eabd0ed98875c45e04a6688a3e936d1399242017af2b4fa2fa2924e362aa3561
num.tsv	20636	18aebb11d27824d339cb845694a42e3ce179917a41808c20f018428375b71d87
unit/07820a8455.aac	3755	36f4482c448f21fec686cd330458212ff59ecc47b5eb4b3115f7d6856b68a1ea
unit/3bc1b14aa8.aac	6732	fa1e72ba9ec795053f1fb44826763e9c4124a8bb662b488734909de6ec5ad112
unit/47bf78a885.aac	2801	75bc0dd29fe16f9d0a14405131b325ff654d95888e408551314a5fc021095efa
unit/50c2328ee6.aac	2048	f03d2d158df7e0f0fbc916639608c59a04036b1ce9340b8a36d415522eec6868
unit/591794d54d.aac	4486	142d95af0836baca74143416045c955dfc6b180d6760e5dc886e1855ce832bbb
unit/60699147b8.aac	2727	916d06dff90f9a33e5d42f43daa8009fdf96c7a26558fc18a787365f05fb3a4c
unit/645ce5700a.aac	4152	6f426e6ca96e0fcdc7c5477e73e43a5e13d09bb0d7304fca4801377b47bcb904
unit/811715f7ca.aac	6913	33ed05e0618345423305eda6111ac155546f82a0b6081ae22db0c2121ff6ad04
unit/8f7f0712c3.aac	3932	747c74719d6e0d60783a31e723b313aa789451d9ae129ca45e70f401e7893e6e
unit/9498e8407f.aac	3198	13bdba3691b7e50d6ccfd5c81f02475f5c0e2546f23caedcb4ec5bd0151f4f3b
unit/951b843233.aac	2580	4222400f2a4326681f083533fb817cd74e324f91f17277f603985b9ac14f864c
unit/98ee0584a9.aac	2311	1cc689c137191e2b1df929f2f45ff2686f44c7b1080f4311a4e84e0d4088ce45
unit/a0822dc8aa.aac	5228	dfcf2004fc2a9a6687a21094bfe9e7de40d20336af235d74825faeccef8bf633
unit/a8cff55e95.aac	6771	4966abdae7aca20e2133e457349245371cd81a7a347dc5aceacd430c851d3022
unit/b26b3f072c.aac	9267	e332344829437dc31545f509f34eb5838d0122eb4d9b9ab47ec1cb1e75605a47
unit/ba69022b8c.aac	2832	751414286d630f8beb7b46b6487e1f855b2b586e5be2bb834a272f8072ff2382
unit/cd2968655c.aac	2216	916bb5c5db9bc151dc3505af3c0ef927c88ab418256b89b08737dcc9202b0d74
unit/ce67e52e8e.aac	4201	aaf07ff8e9d9147233f652cdbea4fb29fa7283a4ae9b61f0c896a631a118495b
unit/d7c64d4e16.aac	2105	bcac0cf4128f3bb09d781386f230edb7b5b8e99ef1a8286040c0f94547c2aa2c
unit/eef32f7b47.aac	1969	6ccb7f4f10908c303c90b1df72d6a0d171c0688d2efac058b8c21a576e262f4c
unit/f0fdfdc2dc.aac	4659	a5d281819793b75d097e33e639d4957a62ed5712824d4360a04ca7250292c659
unit/f29b474bb1.aac	2410	716db722ddf73e9eeb7d8ba4c6d3e755fd7707b9badaab0495bfb2e7cb8f64e6
unit/ffdbf14674.aac	3393	6c640fa1b3f51be0a9105bdee712a5d246259bbe690ad83b0cbaa560ba6395bc
num/0.aac	5188	d383f3e1159c895f3566e1a5eef76404ff3f3e81a54b1ca717fdf3e52f7decde
num/1.aac	2383	89bf7608f315b75a785dd8a0bea756846451af3be2928ebf62028ab565012419
num/10.aac	3207	aa8b0c720f6f62da75091b133cb50a36ac839af073a18f8ae1fc02921d40ed21
num/100.aac	3195	067adac6609d60ff43d59741a8a0b84207dbfcd153d2195505ec6de997a185b3
num/101.aac	5137	23dd61c460f9d36fe7e42561ab711fe2d65391c3c746152a511c42f67d3d7e50
num/102.aac	5473	17ef41a731b893e674068e14c7a241d22995a220aed07e16c81e7f385710e973
num/103.aac	4826	a60a3d63993022160676a7d1bb1f7a556f4f71c5b12225d1ef844d3f4e255369
num/104.aac	4707	e563570d4eae3b9d6184450110fac80457dbc6e43182c97393c86a0acecd1723
num/105.aac	5125	be8be19c596130df1594f952d6cc38251194425cbd146b6079a8312d8a1344b6
num/106.aac	5502	cdc72b23249787c2c6cb80b5c33931e92c4a5a2cd0470031a8e956be298ec6b2
num/107.aac	5246	0be7306f779ae9d175fc12366e450b1e9cf986912f45f26ee43a6c910b154ea8
num/108.aac	5509	0161e9f6750a2540072868e97374c12be8bd0d59de254596bce2f69b4da59264
num/109.aac	5300	b79a34e69e6733e6bfdfa0ad5739087650ac91b9dba7be07fef4d69fc122957c
num/11.aac	3392	846028962a63ced7835dea21688c86fa023ce26ec08a68d65cc63cc7ae6eb29d
num/110.aac	4308	01566ce98d7ddc23c31b57528d10a96dba90bd31a51382b57b7b0a59d46cd6dd
num/111.aac	4890	928b4f8e5253362984906cb8a818219088eec5dab5afe04410e821a6b9f31178
num/112.aac	5768	246d0811fb6f3a58ec42ab5d1ea86058950e6289f044c6e97352ba47ce6e0701
num/113.aac	5088	cada7255bd224e2b19c7076cb95f8d0ea9093c60723ef891f69be00cbfa89016
num/114.aac	4832	7d823f1fc542f346e483b23a96efb4d068fc17edb77756cfd0e8c686e0a5a8c3
num/115.aac	5235	f4a214a78e3a5c0a2f1d830601d0681d41b1fd10c754df1c38e1278f758f1fc7
num/116.aac	5857	71ac3b20c99815254675b1f3b0d8d2503fdab7f5c7397e9f5b5a28cc078d21a2
num/117.aac	7086	2b1af911c5b3ca4ea8b15e82c0f4829d24a1d06367f67914454cec060185b9f9
num/118.aac	5083	e2081c3de1a8fdfc7bf5f2070199b93f55892756c0cb1afcf6ac02dac9df6c6d
num/119.aac	6120	0c32cd3af695923ab331f8d272b22c1b1d1040d43be1cc30956a4028e6a327d7
num/12.aac	3601	c93a2c47286641e548973b31a0b97c009edc0415b5b215eaf28bec5c5fcafb62
num/120.aac	5279	914f7b7a6b5248da25c05f3ed39910033e95006a8589c3c81107ef1e9994b257
num/121.aac	6011	23dc4d3a9758d994cd3c45db61f1796351fc3bb6b36487cff991c3de8ac1d767
num/122.aac	5788	20b0742ed468eceea26ac97ac16dba9bbdec1ef4a200f1e01bc8b2050b106bc4
num/123.aac	6234	dcf1f8e74b01b209973aeec2e01b4fb20deab0e4e326f4a438d2bbf38cdfb5f3
num/124.aac	6075	f9aa915d15b15276165f0f9e5eaac1285c6b8ee11b2a8758ab82312e342176bb
num/125.aac	8265	ad599482d120db167e7a9e6224aeb1fef64979a65ff8bf75e72c4d769f9a9dd7
num/126.aac	7605	7eeb5f4e9170149211a4fc1e4d925d1c31410f57863395d767add5000af5d6e4
num/127.aac	6641	9a99c64abf4007668216aec4fa11c9ae524ffee6bea0aed2aacb043eda741043
num/128.aac	6131	d54ac9aa85bcb050605daceb62fa32aea15702b41d202682bc3642a465a5cfb6
num/129.aac	6512	8f33aa80128431859bfbda49ec97333ebbbf765891d018ee9d12f4c2177be0d6
num/13.aac	3277	f712e2b4ac8f56ac8af330d8e46704cf14f2a64f44d5a83405e93871d956b701
num/130.aac	5547	b1768bf64f96de467fc44b3d1da13e6f7be82bb1a6ffd3041888744d283a47b4
num/131.aac	7046	438dbb1034fd0e4474fc12b32d55a81eb2d997f1c2f2eb5419ad97ac5e38308e
num/132.aac	6455	ae26e308d3b84a48a938fa65816009ad82bb9cb2868268d914e443ae044e539a
num/133.aac	7094	11eb400a95c6c6c94092cd93eb44e91244c066b4c434f4bde05619e5c5a28f33
num/134.aac	6014	72ef6464e86470854f9fdddc9fd3a9d3d04529b6c41be537349ec93a532461b8
num/135.aac	5552	5b5292697bf205f5e4428adefe42a02f3246106791089ecbfa1554fa85067f8d
num/136.aac	6229	9b4256db9513c4f3c55bf85a1c0244b9072f7cff676cb6a223aa116215e3f953
num/137.aac	5948	4d432593a15bc129411916ecf52f34ea70b957243957417021aa8288982cefe3
num/138.aac	5799	e20963017c468c60588e98c3a071eeb8b5b818d71c1d29a33c30112009990b42
num/139.aac	6295	5e9311f39ab77a0ad3942fcea5f114c318b2338ef78689304b35ee1fe53959a1
num/14.aac	3639	548ddd4fe1dcd882e799dc3f501426ac345c31ff3298490ee30f6c5d320de5af
num/140.aac	5780	f969d761cbf77846f5134c3e2d6bca2f995920d04055187904b59f046f202c81
num/141.aac	6841	764edf6332322542ad2b6fe3727fdd1f436cc3bc10edc982ecb97c1fda8dcf25
num/142.aac	7087	8ce3f7079ff5c6a1eb484eba1914fd80d4204aeb81a7a95fe9bbd74e5c86d817
num/143.aac	6676	e6a434fe5162c3a3fa4540cca0a741c0982b98d710d3dff960aecee9772606e8
num/144.aac	5906	cd88abe285199a1e49739060a8ab9057c1adb3d488b89fb67268394ccb471b86
num/145.aac	6999	5a0410472b2f2dd605935a631fb1c73e1f1a785553a35a9479d7a151b29126d7
num/146.aac	6994	85d90259855e15bf68c76c2bc2326fb8d0184362ffe43f8535793c6f1da57a8a
num/147.aac	6118	895b910d1f171cab7ba0d5cd58b5af80167a9172104df00ebd75d5d480d33547
num/148.aac	6462	1e0967233c78ef98eec5f2da12ccdf96e594cdcd4819a3a85ae74147279c73b2
num/149.aac	6781	2d24686d68a805b0ebe6d6c147e508af91b09dd4e262f89ba874331dde0c50e7
num/15.aac	3789	a3aade96baa01ce02c776bda60d2fb41ef4a0edc58da6945397d6dddf3c2e9a9
num/150.aac	5806	16c4734f2ab5f9e023a1d156007ccd2c2051dd04ed378061c1e3317037318bb0
num/151.aac	6137	8daec9805faf00c9ec6e9d5d5d21e6ed553502a3f0e61cd411e07876c039e54c
num/152.aac	5932	5820842f88063f0db99689f59f790cb96d3bb8f2b72b2492ea6751629c018f2a
num/153.aac	6513	fb9ec14062f58be453e1191eb7839440ab5e33655b1fc0557d88072981d6f8b6
num/154.aac	6357	15f05877dcf88d186ba7cbc17b619db6fff874663172150e7302b58162026bfa
num/155.aac	7347	4d5f1ec6a5a0b41c3c9275efb3f9b886385af8afe55026fdb64fd32554f5fc01
num/156.aac	7721	30597a7d2ccc6cb9884b6e9bdadd2cf42b3e4d3b27419efad708660430c4bed5
num/157.aac	6176	36abb557a88d9e5f690d7baecc5f4e9080d03c2f41b13049f14d7b1bd7113ece
num/158.aac	7166	dec4caf51a5c5d9fd9d7b56f89bdde63ea1ada9fe14ce2850a7be97be412ed7e
num/159.aac	6785	24f8de6f38c2dcd63522d97cb6057675985e7690121689944218812a34d259de
num/16.aac	3841	64f72f5aac18b8349fa46ec0fe37c4bb4ff2141511135438a59a939605ebeca8
num/160.aac	6489	d6a2a16927ab8c4a4babeb57aa0895fc0b256ee1b56fd0b4abb6b449569af7e1
num/161.aac	6124	b74cd46d6eccf79c6bd9d6f3ead9055d75ed39ef29b49cb2f83706fbbaafa9ea
num/162.aac	5986	32d8db202441f893a69b5e587cc5bbf8156d6ee2bb4520f41d6847f84af7a4d9
num/163.aac	6655	0e6a975b9e710ecbee7009ec11dc40e14470b5d2a2e80edddcbd267429291d34
num/164.aac	6542	9c6092e0293dfc886132fca1b6b3857634762a14736cef650fe11537be9e9c49
num/165.aac	5888	af2ab13f51404a00d46205f5fea106ad430662e2196cfb316baa0b57b6a54de0
num/166.aac	7217	26df5565be4b68ccd35fbfbb44c4b95420d8b0906a79f745bcbafcf4f7903685
num/167.aac	6703	cdc4aa9d7c924caa32ae1d3abd196c4abb67ca5578af55a327c882478b6acda0
num/168.aac	6850	97e637d2b0a5b0235becf06d15976ec7fc035badefce777f5d4957e479f9e738
num/169.aac	6807	f586ec809543eacd739937f57a688a317cf091f6c95f9e4ebc18b217dc52eee9
num/17.aac	3167	0236595d7a137a8c2e0e36fdfaec5956d8215f5bd8c835d9210e6a87fab576ac
num/170.aac	4767	1166d29c552a011186ffd3e93beb02a5616d00b2ddbcaa9ca2542640d14a2fbf
num/171.aac	6216	2bf9d14d14b02850966cedd10b91e94237edbe40e1d4941cbec7979739e9b0b0
num/172.aac	6573	47ae3a63f8dc916c139c628f369f7f0dc8398d9fc1af19eac2dffa712c604cbf
num/173.aac	6822	52952fc15f97645d7539682e0e7478efbfe0bbff212ab8683131530fcb234b61
num/174.aac	6856	838d247b3f7255a90835c018e07be2326462e395b8731259165c3a7f78a11468
num/175.aac	6728	a981cf993d58696e22e3fca6005e3b51417b4eb2e541455304de917c9b01ab25
num/176.aac	6967	e222e777c19534fa05ff825e50ba279b4c15f4c6423f37e3685ad29a92181882
num/177.aac	6096	87cd1a9c3666c48b9bb0ff68b2f8490273c41761c496e286a37e925518d56df5
num/178.aac	6547	9882c66406b70b8e76d934ec70e56c3bc50d8e28972e7c25fa77e8b9defc8c13
num/179.aac	6728	fbccb0d8f208eb65166cdb776a2cbf90d9dfcae0359e98e3c0f0982360d3f4ac
num/18.aac	2926	794bc631656eae3948880a881622b6fd0bfef1820ab56b218a8cdcbe0ef08f10
num/180.aac	5387	d1ff9ce9a9a73fded4c113adafba363a7acd4332ca51fd6110408f6776f22105
num/181.aac	6735	5a3cf3dbd3281c658b5c450e800bf9819dee0093c942d2267cdb76a054471237
num/182.aac	6693	8e43edc97eb6d991dbf0007eec8f6802f4ec89104b3a7558c6f6d3dd89804dff
num/183.aac	6343	7859df936e223a5a3bdf6b16250647f7ba57b9b0cc0ddcb1b402eddd4af81d97
num/184.aac	6625	45468b15dc79a709eed6a06d923321ba244d045c86a2d26724c3ac0dc556f006
num/185.aac	6567	29f7970f8042591739ac1b508446902c989ecd1dc2e6506a5416d12c6c2a01db
num/186.aac	6517	d234a0d7f5fda65373a2a04d1f9573dcfe20b6703c92f0852945ac00069a78d5
num/187.aac	6437	d012a2cc2bd67b52f9d796d929663a79b96b1b7a0b13449956049d27ad29cd85
num/188.aac	6407	68d74e7de89cdb2e67c4421a9de16a296e9fe509ebca5fb43fa7f72581a0743a
num/189.aac	6208	a7ddf15a97d19ba27df10e0e3d654739ae04c832d6dcf1beb12b9bacafd03ed4
num/19.aac	3385	d7eea9942444d2429d1edda2472ff4651bfd89091dcb64c3a079b8595ce9572d
num/190.aac	5236	019e17b2a46707bf6f929655f4c6e235dea7733a1623b459dbe3c74b5e4299c4
num/191.aac	7346	43115bbfa9e17f36a01a9dc19714641dfdd0a79a5121f0fd5e44d4112b872330
num/192.aac	6988	88e8b830810bf6ab4558acacdf9d61de4eddd72d28ed43537ccd2390aa193df1
num/193.aac	6286	ccbed2d00ab4eaba0bd2e00ef2e586237efcdcff9d0fe486ac2d658d6f00f5ae
num/194.aac	5908	f7c65974ffec9aeb920be48f10d4a211bbac6f12188b29a007829458abb63dae
num/195.aac	6902	0020b3b31e8400e2dc7426e8a54433bfb4022e68829e32c389485b2807b3fc7c
num/196.aac	6589	fd3e2ff78d6e588de455ac1957b1ef89b1c08280375b8afd88cc213f3c505bca
num/197.aac	6000	112ff085d23a2720a8a9d5fa31cbdda4f456b3473237e167d5cfb288fb29464e
num/198.aac	7225	48520389a32d864ed5cd3bcce9a6fdaabb16a2a42d36abafb2af2a1d80a74f5c
num/199.aac	6383	d99eaab5998fccd809e8168181758b6901003d31de4ea7b0986faf3d23c8a5d0
num/2.aac	2970	0e0257d6e6dbc9d73c1a3f03207fffd20871cb0c4a5e41557d4f50f06e46128b
num/20.aac	3929	db781fdc9d4f03c047881c3195cfd0eea40515ff2ffe8bce619cb598af539fd1
num/200.aac	2304	aef1c2ae7d53b5e2f29e43a265c807972ee70cadfe1aa4caaf23750bfafd2449
num/201.aac	4944	e921c2f8c668acb6da80617d205027618627d58e3d198a5710d31f2fa3875291
num/202.aac	7751	55cd4eece328e664b8b280bb322d81405d20f0adf34cd9b7b55642988a16c04c
num/203.aac	4002	f08e6b211faf1cc7c87cda902c42cebed00d6bac27e68864ae41430629d5147c
num/204.aac	4944	d9037128fb007c1391d156acc2103a569eed5b7b5a5ccd168eafbcc7cef42756
num/205.aac	4988	4eee98a3b353ec4a0d5e0f9037c747080708a7d5bce37c5013fab5f39dec68f6
num/206.aac	5716	ef0d78561c824a92c8ada4040b655137e9e6c8836f215c1de9273654acd69523
num/207.aac	4723	ae1cee8a9e572c5ef3cde915a7003f971eb928d1564acd3c705c11f7076e34f5
num/208.aac	4425	873391fe0dbd346ca6e96935a537bcebe0557a4b6b007c176dcb9a5e44f4d317
num/209.aac	4798	8eda1b01121e30339e922ca8bb49e402a016341aa062f6e760d66d59a1b780b1
num/21.aac	4149	04bec056fc05e435dbaf3d7c08b178d6be88f51dc09f45716fd262bafce8f194
num/210.aac	4422	cc36c11b5bf0f46609c16dcf6ecbd2a122be59d03bc1604f16e0aa948b9dfdec
num/211.aac	4563	5e3eb4b4059ca4e840bc70c588532c4a070f45e058973497a4259b16f397d045
num/212.aac	5392	e2af9053713d2cd5d83e5ea5dbef946c807f3fb4bac94ac530abb563705215a5
num/213.aac	4929	01bf893678c7fc652dc9843cb7802946f3fc10a2b315af1a29e2bd68e2c48a63
num/214.aac	4952	0bd6c4bbc79a80317295d5d083258636212defeadb37d64575496dd57c80dfa2
num/215.aac	4890	d989fc3eb87f1f7d7d318c51c812e8bf18b98ab256536495413c8d5324e89e8d
num/216.aac	5907	697b2b3a818fcfac23487e7782e1e3f43504658e30eb223b94b272446a59920c
num/217.aac	5871	4a48ff2dfb88c9a02c39f8b105fba3d456e4373f1768ab6c4d075e1c1e598f70
num/218.aac	5616	178fce6acab4253fa93ddd3371c6ed0e44a4a86fc8298cf7461c74da2f59eed0
num/219.aac	5323	cc2521772d3f522cd36667f3934baab0e1bb300398f35547a72ce870bb718695
num/22.aac	3792	d8f3923ffaa013d40ee20b546c7f1ab516d943aef9cbf9c69c0b69384e7bcf82
num/220.aac	5575	87c95cb41c9fc646c785546c00ee54918f3c4ef520d384a520f42c53ce3d78d5
num/221.aac	5784	f0a59e24cb7d7649fc269828bdf640b4dfdde92c0780d81a1932a44e13e94ecf
num/222.aac	6226	47151eb6fcc40faee78e83c4ec1dad3d812b1b43874eafdf5edcc92f467649f3
num/223.aac	5736	cd178fb59f3e8e85b84aaee1566f0e0b5a5ede5f8e3ac4125969ed43a09046c0
num/224.aac	7430	4240d764462a887967217e3ec0093d0f787bb76f9e02fbf3fe78912a64a2e7d6
num/225.aac	5755	7138dbd536450815beafce3652c3ff6496e1808ce2f234f0f9c90dc5470f0f20
num/226.aac	7022	7aa1eeb859477bbff1196357a36ce6e57f3883178e5c06e7defb66f5f68df8cf
num/227.aac	5172	3ebc88b28baf90d7a743ef5b50318f6dd6e38c0ec76e18cbba94aed830421f21
num/228.aac	6594	b4f3f29368a48baed4c75940197055d73b108f6206acb34fc5aa981895c30b0b
num/229.aac	6826	cf94cc36f0efbaaed1302299c08c3a08ce8e11352c37da8c621232375de9df6e
num/23.aac	4499	38865de7e66fff9982f55a67100d75a1992e8adcc56ec70542d72ccad797c6d7
num/230.aac	5372	c7e418ff05282ba3225e8a67260e708844d50bf20d4d0fd717cfb29555c9331d
num/231.aac	5550	2c97880f278a974aec65fd691a3f3d0802fd2a7a6ec73aa8a5fe16526ba7937a
num/232.aac	6476	9ca2b8f86debd0afd8804191b0922491251dc2f8150d3809426cdbc1c4cbe324
num/233.aac	6265	6c8fadec1d68084f693d086e09ad318d61e1d736f3dde2fab32e769c066725b6
num/234.aac	5668	9d8e063024bf00ca92801582644b1fa27313dfd8ff495fb1fdc8cfff1b088f50
num/235.aac	5834	ac1e667a4b6be5c84f09e3c744bdef015458cb0f492fe8813ba99e429a57ba6b
num/236.aac	7082	3cbb10894137b86f371b73596c92a5fdc9296b93a78ddd2e2e9890fce2cb1d61
num/237.aac	5628	0304546e5683065732d0f2a548b1d4c4edc9ce50c352d3e19bfad07410508510
num/238.aac	6423	3609ab9e17eb1a3df9ee8c411938dc1df8f1a7ce14128f5c501e82f858d7affc
num/239.aac	5945	49be1c268d80f2dfbc41b057fb088bdbf15c8400980cbc72a8aefacc467cd863
num/24.aac	4536	495faef14094cba1c6e58213dcc2ad4aaa3c0c0714b2dcfa2493ba6414454b3b
num/240.aac	5629	348dfe5c4489c115a84ecea213869b5f8a39afbfc08d10cc443e57e180e7c051
num/241.aac	6211	34528215866e7db99f3341d80787ed1fcdb93c8664b1f86bc6271ed30999731e
num/242.aac	7005	71c8d3d2ae3beed4a9e0a25b2de2b13b5b9077357477fa59a12743afc126629f
num/243.aac	6150	90c5dbb68f95a7aa8a731cbb00f4191fce48a3afca8359cee5052811413d49ec
num/244.aac	6590	9630de4f857f2200e0d07c8c1b8ec6ed514825a6056d349239aca219e37c955c
num/245.aac	5955	5adb4c0a1d780e9679837a57f011029978f833a8dc3f8e506eb0ecabf41d1b0c
num/246.aac	6834	54c2f748b7048121fbcf315a4f6d2198999a51f834cf80af57f81bfbcfa635b0
num/247.aac	6046	e8f833b7645d57d25a515ed19705f7caecf714ba95c849cfbecfe131f88e3033
num/248.aac	6143	cd5f07eebacbb8a642ee30257611cdbf3b13fe0c0c84df8aa1057b339c5a1ec7
num/249.aac	5882	df15a4aed5cc026436e93161df3fb715cf58f36a7ae5afb8a68d9a59e75d7a88
num/25.aac	4140	21945cb6e7f3b140ed4a62b42a7cd203a2e5f8b352f0bc8f0854074fa40a2100
num/250.aac	5160	76ee47ae499bbc18c6213e6449cb538d40c5908453fb01fcb568b56b2378961d
num/251.aac	6001	112b1fd40351cd32b019cf72c218725e60620a620f5a832d84da8e8812d2ce55
num/252.aac	6286	418d6588db903a79d0e257e3815de8edd8cb6ae396f33cb6951303aa2a5bc45c
num/253.aac	6130	8215b93a17ae31aa2b8d38c42c294da93eb381ea61468f719afc82b4004222cb
num/254.aac	5787	0ac052fb4767a4d77fbb566785d9cf13520afaaafc8940e084e2d90ef01f6b06
num/255.aac	6067	35a13c567f5068048632cd76265e3c6931db9647a8fee15c6b875eded9850dd7
num/256.aac	6996	257184d9fe45c1c2c034b80e5db9d64cadccfd27f66a458385122ec61ec74d4d
num/257.aac	6290	2ff5bfbc1e53900a1c1525a5fa319b7a13a05845f7abebd17e4b84cb2ad92289
num/258.aac	6224	734d9486439192eb391003e053284fce6e17ac2b052913ef783ea14d1abc1749
num/259.aac	6041	477b2d0638aa4d6a443004476d87b13f8057fdeadbc4b70f5ca341244e571536
num/26.aac	4522	7f9a7f08866ca12dd2251db0caf101452e45e636c1cc3eeeeafe3b9bb4f1325e
num/260.aac	5304	fbb53f76881194c85ef10e4f622743996ed8847aad5d6f3c9f3d16fbdf264beb
num/261.aac	5985	4995a6c3d1d0e3a0e9edbf8c861c6cab501e9a5f76ff818bfa8835190c7c5437
num/262.aac	6118	8b75207e1c170c5ba5ac63543aa7372083d6d2621e2e8785d5d2de3cab9aa90a
num/263.aac	6815	bbc2b5ac7c1f817cf4dac6ab1b7c537e16291a38e8f372cf4c35417c6f33a609
num/264.aac	5840	cacb605a2db779e23fcc165f4712ba86deabfe257af5df2f77a34779a369a2f4
num/265.aac	6603	130a57561df049b857bc0a05e974e1281617ef5c725aaaa0c566040ed3b85abe
num/266.aac	6685	f7e2110947129181fa322a51a3632f70049a3bdc81d716be67e932b75ebc4381
num/267.aac	6170	c9ff361de8e1bb0d5b011b5bae1f1d5806bd841b264284b889a5fd2c0ac35e3a
num/268.aac	6777	07e4855b76e4eab36ab9667f01d6cb2c2e5ba5c545330072a8ff19e231b47ce4
num/269.aac	7490	23a748e762b764a4144f3bd39d4995f589685c35bf5bacbadbdd5ba4eb1187af
num/27.aac	4055	6148e2ff16052c907e8d6b58aa5125adad2b5a955c8b1b5580a188fa9c95c472
num/270.aac	5066	c5f3c25cf169573e092ff447e10784ddca4440257c48aed2c46a489878a48c55
num/271.aac	5767	c505e4a0d526a3595b975c054ad4902c0eec33def9dd6ddc0f43ef29e4a4281c
num/272.aac	5931	56339d313b489f11b6d6724530ff292a21b1723fe572490599a7f3b55c62d726
num/273.aac	6551	6ee265df93d28a26400050ff74511e1f256d8d6e8cbf39e62aec87542170de7c
num/274.aac	6114	99b04de4142f20a93b411a9dd61052d20d5dfce4dec57a8db23ce0861740e5b7
num/275.aac	5667	254a936f4c09a274400953a562c70f07e953675ad42fb18ee6814732934d0f62
num/276.aac	6397	7902c5b5e17d763dc168189a69e3b13a78110a6110df4f29a423649c0dc12473
num/277.aac	6218	2a04ba723494935de892cf49228a9af4e0c13d6cb44906368f8ab444e020bf6e
num/278.aac	6010	4ee451e95ac68d1645196ff5ea4024b44fb79725f2e1e1f38fe4b60b47cbf9cb
num/279.aac	6248	61097f98d65bcc73318842da6e2127b920eafabeea07f8a61ee59f545f5f622d
num/28.aac	3883	168b7a8f354a9a13b567af92b5a3246231ded7a779aed0bb67f115eca864e082
num/280.aac	5745	0728aa1770f5031574170bd43f9aaac7448e2580ec6835e58c5980b2adbb8ec5
num/281.aac	5944	b0bcf61a3c13547d005aac0b9430c3aeea2305e38035bbdb40918eecdb4b92b9
num/282.aac	6037	3b4ff577e66b95322b5917564cd04d19f4f7995d919d2783f0bd7b16a7169fa1
num/283.aac	5974	565df60a3dff5b27074b4e1f87f0e2d35e7e92cbb2a37b4a36b935a7e71cd2f8
num/284.aac	6624	c2eecc3fb381f0c2c3ab30450d5d1cbc5c7764d1e818ecdeacf8723a3bffec57
num/285.aac	6265	d33408297cf398a15e4ebf67a3eb2211a23503f9942e76a0f8eedb238c68a0ce
num/286.aac	6369	7ee64ec528355065865a06fd469237c76d7dfc5f6a0013f752007bf01ac1e7a6
num/287.aac	6310	45659abd5453277ba129909b0c22b93ae538a039e9716cc191330b83b1514fde
num/288.aac	5824	f6072027b774befc8a15e59f8600b6dd4105c5b8fb4a331393cb8932cd9093b0
num/289.aac	5998	b6600a553f15661ba5ec3914b41f954741e918a4e9439230a8f7a612fe93f103
num/29.aac	3979	8d843e62563ceda34ba2536628465120dd4037ef5568952e0ebd96a13ac674f8
num/290.aac	6562	aaad908da7efb589c15e86292f232a0f1abb4d6d3d7ebf76051c8454f41e3e42
num/291.aac	5728	59d74e5bcb3f06a76f0bf92bc0d0d7415fcbd8a22448c51436de7f68d5929e64
num/292.aac	6151	1d46b7b1ffdd7f4366e083821a4e989aa8d8afd295262d95706c55c157fed3f8
num/293.aac	6347	24a0e049b8097ee880593cc0cad6e05364fcfe0b6130192a1b2fed2dd2612654
num/294.aac	5838	deb0134262fb958d50564f6c2eda93b1b8b2b86caf3ff71f77cb5e8bb6f8daf6
num/295.aac	7012	3bbc47f05c9116671f06b9add6c76c1a2b54362eb29a58c3355461246e39e43b
num/296.aac	6706	9379976312568c8718b401130ed788fea5495e0d74b7ba5ffc629d6988edc3fe
num/297.aac	6171	6ca1fa82a6591a6203544490dd57435982f5739638bac8f6c524a29c958623ad
num/298.aac	6588	f8954eb25aa211063d631e4bff7f394947d4df9bd4ee2b1ac9db0e0a3dcd869c
num/299.aac	6345	20dea1cba5f33c2a49ddfddf2ef60352c8ad5c21b4f22fb795d1586a65d8a197
num/3.aac	1798	55003a1f32ed50cfc88864ca872e3a7a4cac01ce3fbb5aa76ab66b2b9a4a223d
num/30.aac	3252	a61cc5c2088819e421c2e1f22c7c2169130bc48feb54b369b89b0aba3711c16a
num/300.aac	2869	02c1198ac1394430b44ecfc8fcfa947d16e450cf77461468861c090eb39dd3a6
num/301.aac	4304	3cdc65282a8353e498033fa3c63c78e28c1792ee8128fa46391aff242b0959dc
num/302.aac	4011	4e37b1fdf96981a180a2115746358d5b30141c979239f3fac3531d0824a8f7c0
num/303.aac	3804	218a973e1b217f8eaba7e16e003839dc1c6dd03520bc8014974d3c2c788823f4
num/304.aac	5055	af8b091f339f3901d166573ace6183af3cd5fc1816cd437189d6133dfcbc0696
num/305.aac	4383	dcea13729822d017c97bbf804af6a58439cba0a0b3ad0ee21da8bea7a6dbae93
num/306.aac	4735	066878483f01843ef37981340bbcc9bf1187b71ee3028b2e9d1a74e874c2b837
num/307.aac	4288	f0025bd39ee72e656d5529afc7d3da01620f685888ba4f61e3e2022195361109
num/308.aac	4865	b8977433430eeb39d4b1d5d658f20cfa8af835971add24c5128844828cc5d9cd
num/309.aac	4484	15911e98e2d53bc1e907212761571219fd5935cfb4e1a101536bb6ce4cd6d32f
num/31.aac	4016	6d015627524378e962bd5d9d72ee78e61ef208b67cee30efe7ddc009db72ddb9
num/310.aac	4137	6fa8824fb667b8c349bab4a985f079ec29d941b2233f7b695c9d1f1c8b22438e
num/311.aac	4353	da0313337e032d854f36985ea768222364d926dba379c0734279617edcf966d4
num/312.aac	5443	4f650b7c357b00041959ae57300f8d2c7e083d01a82aad116191af71975b08c9
num/313.aac	4401	ae8b9211ca20ef1f43d41649eabc9f87d6a6a1a95c65d3700e74fc87becb4c4e
num/314.aac	4355	b7cc38f7de9634ddb793b7d9d72f7d36c13d69cff65ea1f5a3e3b8352fe137fa
num/315.aac	5274	fdde249dab95ae30b7ccea8bce67670b1610299a90d029e8ae8746d29025385f
num/316.aac	5299	705b87408030dfc326ee03a94088ab16e5ce65106e77ef19ac07de416f127605
num/317.aac	5152	6b9d60a09a9e524164c2050547823900a7c6da1f32649d3702d39ffcacd2bac1
num/318.aac	5045	2884e8267564973028436c219ac7527ba9d4f95d88552bb53a1e80a397384630
num/319.aac	4624	4edf40c430e06e3aa1ac6889a9c0f29a88abec7b6cff4247494733fd93d64b1b
num/32.aac	4632	58e1f8b3b6513fea741d371d7a80d41dfa642633a373f1bf49186c2ed5348e28
num/320.aac	5216	dd0e973bd43bdc2eecd5fe8665fdc044b0e3ed0fd0273cfe2c730a529251267d
num/321.aac	5578	ecf53756da18c2e429d7d95bb4fa88a7848253ae81ec50346752880ad496dc6e
num/322.aac	5649	d260985a35522bf75efca278b7208483424ca6a671c20672efd0bca25a537c7a
num/323.aac	5835	53b9826054dd80aba30f3e6d0553f4453c0982ee2d4d80e5dece13f81915fba8
num/324.aac	5271	28e709139e6b263887fe796077fe2433e915995979e1f3fb4ed79ff87ccfd92e
num/325.aac	6305	f9df68cb4e32630f14b5e24637de3f45421990bbb7b7aeaa2a27846908dfffdf
num/326.aac	5545	d9bef375443468d8b3d91cff063b2a44265b3d23ad90137c01a7368da8cc4ac7
num/327.aac	5715	857bbe6374abed0fba6fc4c64ab796969499d7a2b437227e6a4d69cefed5043f
num/328.aac	5873	fba8366bb03dca59387d9ff0943ea1a59b53cae09c714a25da9e7e43a8dacddd
num/329.aac	6387	bdc35ca618b43357a208e7c53c59f0e1e1991b256e7559d5a3e65e78d378f764
num/33.aac	4253	10f8932b280657477018a1b277f844a3301f55e38dd7704f14d7613d38244aba
num/330.aac	4435	845e5a89bc42379316e5554c8484e5a5273748913e84f25fd56b6c37564c9c98
num/331.aac	5530	b651c5c12195bdaa2c12fa11835f90097f1ba6246b8111671cdbe49716174349
num/332.aac	5597	6a3d8f8c2efbe7a50446b1c58d2f6af4c02c76d12e956c55be8e9f2c247155e8
num/333.aac	5149	78920736466b795ff6e6e3ae55d3878cddd102896369b1a35b8ca5d83c852ab1
num/334.aac	5682	18ac97c378308ed7475cb96d3d18ff8f9e8c64bc577798ee5e57a780d557e03a
num/335.aac	5613	8ce886809d4aed5d2e43366991acaa3ebda373f53216af823a4c95a48e4540bb
num/336.aac	6419	06e744c007d9fd5bd4db24d6300babbe35eb845c169b22cffdf43d9dccbe8728
num/337.aac	5764	58bdcf16d392583dc1aced5e6ae15380d7fa9f12bd5659244fed9baca623c8c4
num/338.aac	5512	d051fb9e1a4b9c5b65575abec0c3120139078560d8ce4cefbf5659838a1b20f8
num/339.aac	5481	f9bcce479dc2a67495287fe1a35f1acb21a8e48d904a67c75eb5dd2f1f1f8e33
num/34.aac	3697	f03bf726efcf6b20a0e1bf849a1b8c1ff4810345dad3fa4c2a2019c2c5fa4616
num/340.aac	5250	ec4874aacbe37d4caa5e58932e3273df239ba71561230948cd9fc6ab01ddcad8
num/341.aac	6311	efdd77ecb3c0bdf50f2bdcf071c8db2cc6e763afddda7644703bcc52c6018548
num/342.aac	6686	0927d7938a54b1b6f951d94cad61d3e9a89cec6a5c5f8a62eeca46e30a5c0bce
num/343.aac	6381	49e8568e2c6984146b224c2f3f937efff1dbde298ccefb88ccec0b0132014416
num/344.aac	5986	da18f43bc24639f3680aa7b0610581193f668114f5c81da9c68415ef4f0cc2a6
num/345.aac	5948	51abdf5809f99f910749a768d0dfc56326da6735aea9a9f32e5795dd7e46e7b6
num/346.aac	6852	3b21462a6e43755a5191061cfb7278ec42ea5ff3cfb438f0cdcce2c6ed865134
num/347.aac	7159	cb4f58b6f4d41e7455be8b6da43dd110b301e9570aeed63e780a11ef05214071
num/348.aac	6014	d2f4df25eb3d30ea61c1308739ec1812327460bdd13fa92b2aa60a81ee37a42f
num/349.aac	7511	44bb140acc0ad3443db9093d3cd2c64dd45dde4c4f28a76e184c7abffff248f2
num/35.aac	3299	6b552152f0effab8817d8876744f377ed88dffb9059c994cd0b37f047b4ccca5
num/350.aac	5074	13aacba8b9e6b595aee39f2ef7c34864210d01e7b7ab55b44e3a24d87b06bbda
num/351.aac	5198	ac8411ac29a4cc0e8654e04f142e1f087a2ec43f0643a0dd3792b124ee29592e
num/352.aac	5697	c094995afce1f55b3345c46e316f57fca8e94e892a4a9fa8efc81d0cab1e9fa5
num/353.aac	5650	4718ad0c08c2d3e548e1cdb79e7e22b99d2d569177c44f1fc5b7f0395ceb7a2f
num/354.aac	5684	27ab17673b1ef481af6d0d3cc29d39b2e283ed6f0ac15521c2cee66d62d32e6e
num/355.aac	5416	d7c3d6e95c7a9c30d150f353fb9aa4e2bc9f6a665c0c2b7ec9e0b65547af25fe
num/356.aac	6244	136ab8c8259960ca90d26f8e0dcdb0358b3e3a4e71c99aed6053edb71221f395
num/357.aac	6097	4ab83c90f76ac8d13f4b120621fafca6576216a3618ddfe38834ab5d4c9210eb
num/358.aac	6000	aa33ee04b32f44bf559c1914589971f1a101460a248f9e9a7577945d829d7db2
num/359.aac	6937	1bfa839ed89d5cce4dfd47aaa84fba8bfe40b8ac301b1522bc343f37686d4fd2
num/36.aac	4353	c53dde5e903079b12491da714782f24e66e1663477dd0a0455fec5f4f6361ceb
num/360.aac	5630	b048e33449a074d435a9f0aab9ea83b34f66fe4506e1139e7dae869d5f04c1e9
num/361.aac	6445	1c12e2b3ed70bfd8a0ec7a7cec128c1c38568f419535ac9dba5c4b04868d21e5
num/362.aac	6338	f652051778c9559c8d8533f854f9141d1316cfd86ba166856eb9bbcb666102a2
num/363.aac	5666	a1948329bc811ad09ee8e10b7883a42206e1a0cd265319237f642261d1cb1c46
num/364.aac	6352	e5441fe8ebfcd75cc6435d7dc262ce0b91e51097d1a53c253701598c8594e463
num/365.aac	6530	75e03a4bcad7749e4295bc04578261de467ba7b85f126252f210c8828ce2e1c8
num/366.aac	6666	2cb063d717f60882d1ae0d14962fc2d79309d134bfd11264b6efaa29451b9a38
num/367.aac	5592	295edd00fafd9d9bf1a2351106f76d2ac143987c148e04cc2e2b1b0fbdf9bc2c
num/368.aac	6179	74941a291e4a2a30dfa41af312b19cecda835463f32878972596b8c06038dba6
num/369.aac	6154	2085361dc9205a3af9ca8aa66e87f16f5bb1810712569d4d4a9a991a5dc6519a
num/37.aac	4104	27d11664b84174a55bf6f5907babda25046fd2617d1d436602e4b805587bf048
num/370.aac	5066	584a071945f12d0ff1ccf2a1326dce923c8ddccc7df453fc1b0309dacf3ac28a
num/371.aac	5343	e869793aadbdef5a9a6263f71af8b0e419c4176295d6c429f6cd2d1793de5a22
num/372.aac	5899	95de9210e242ced7ac501f79fb124ad6d390eede14fd28b205b7b2fbd086c1cc
num/373.aac	5685	841fa09b908b5c6c0e2b4c13157e5fa388e6f34f9a1cc7ad60b72ed9e59f0520
num/374.aac	6021	3bf90709e314845d418dad597f9c26e22046e2e35365407275ef10520d68e6c2
num/375.aac	5807	4060389204b7da468bda6b7debf104bb8b9bef0361fcf2d8ca4f5a3a52ddcb66
num/376.aac	6488	673398e52d50e540176441b38cfc6cddc0c04c2c0d4af2c85da6cd8d1ee0666d
num/377.aac	5796	448356f521dd74e68183f55c45255f453a7cdaf3986abc20d17844af521297d6
num/378.aac	6491	58512b15625ae26d69891bfc4a7fd331a93da5ab727e5165328cba5943e058d4
num/379.aac	6300	6a2e696c6a9a71ea30614891ec3bbe63ed33c23a746cd6a661b4dcfbbeb3bf9b
num/38.aac	4114	34d8d9d9b9b605da102417b1e21d5f6b3e7298269fd5cb4c63b3bfd2ced3e43b
num/380.aac	5022	2ff804736845252991501ccc6ca3a2de8a224558b4135f2677351621ab4da58b
num/381.aac	6080	f4441f5590f1f8e7448b4738766df12967ac55abbb9bb5a06f0cfe903e6add38
num/382.aac	6468	90a7e3a7b28fd98b5035df7e044b096d9db17f4e9967d89e4c3c18caa41e00c7
num/383.aac	6433	58cc9d2ca6cafd38a404721aa03eb4995c7034fa3a924e54120604176f2c1c2b
num/384.aac	5541	7b20284a49e03280792a2a820431719d844029ff235b2f318ece49ca5e885cab
num/385.aac	5850	e0f68de4756ccab9166c51f9507e59c40fbd0cdab311a60378f8124a70d5ac97
num/386.aac	7025	d3476ffb741e52135f0fe4ecb96d26c7b39a999656e067713d938fab1f7b49e5
num/387.aac	5152	2583aac9e9852b4df1fc45bb7a7b2bf72190f2fbe80c7b0dbe9d69ecd10525d7
num/388.aac	6015	5d5267302dd239f3cf16adb449f350e103e2d5d372f8105a3f481e88506fa604
num/389.aac	5587	c880ea43bf91b90d591aa4be76bd38f9134ebe68faca999d29c5c502129ce8e2
num/39.aac	4439	77e6170d61247a6985cdc2c1d57442a525976e99d3068bcd986373c5080a419a
num/390.aac	5251	caf1c6321b53fc4d107b7fd437d836b49c9626dc5df3de91adda86d3d6ac0282
num/391.aac	5943	3f6ff4be90f50ee4997eddf3ee18c0a6393b6fb80482ec83907bfd2311d0a2ff
num/392.aac	6068	7cf5b957ca11aa7532c5961c1ae17c1946ce411ba27ba1a1334f0b201376bd53
num/393.aac	6595	464757fb28a051219966084c2431257ee9c2066db6b72fed8b1d0edad2883d37
num/394.aac	6492	832c5d8141515a1f9deeff012d7b5b5bc9df14eecb0ffbb13db5eb509e5b01a4
num/395.aac	6460	a4f0db20f9503402bb846bc73af55b86de686e893c6f826f6d546ffe7a95660d
num/396.aac	6218	77bbebbf032a6819b97105dd178d533b379c0e3c69d6fcc7f838555d43ce4581
num/397.aac	7109	ef722e62136c09096df83145c538af5818831128c2f8919ea54ef4b04a3221fb
num/398.aac	5701	4829b509904baad51e8b803fca19cce26c70c85ec35e4bebebdf9dede988dcf8
num/399.aac	6624	42aa57e5bc2378ab3d299356f5584f05c2aa415556d27ddf6ceada42f700d9dc
num/4.aac	2691	8d1fb9f78802dd659a0bb6242b63a5c581333c952f563f864c152fce73abd98c
num/40.aac	3492	0454d3b7e3acbb19f6172d3ca2ffb2b74cc324d7b1da670b1186627e59307472
num/400.aac	3180	10c66c9a91447702957dcceb7364dac68fe95ca32dfe3e3a809b41a419abf42c
num/401.aac	4432	624632ea363e582907d78f5f0f26b90d2686565075be0a716c39f373a7e655df
num/402.aac	4983	27206fabbb24ccb58964ae817da06e1c82da27591f8b21b965aafdd6cb1aeb08
num/403.aac	4649	99e5c7a34202d119c7bfd737a1ba1590bdd18deec67e47dc626e6edcbe43ff84
num/404.aac	4823	efc40ec829517feffe6518e4bdbcfe35ccb6792dfdf1ef6741e401137803d18c
num/405.aac	5503	920a89a0977963cc570bf9519907189b9be77c0ec8c2ebe2bde6c756514632a8
num/406.aac	5167	4e0b29333d3e265c650f89a31e1e85064f012edba1faa248706f4f7c55123644
num/407.aac	4964	231f2b31a1906ab83dc12cdebd4d9acdf8a5ff61c81ffd93a7829b02e479a7e1
num/408.aac	5149	4c41def680798e5479be826502e199bf2cf672522174edf879d4f54cdf9b59f0
num/409.aac	4748	84126d5c9f8de5a0a4a8853205934b8f4c5e60095412461f4a2d02a72eafe743
num/41.aac	4597	fe0a51949ee7af1576b353d887ce280c59310397c0d10e70cdad4a8d06628eed
num/410.aac	4374	bc28decaf55436a4078d61e0365d6f5768be6483aade3eeb8aca39d85b8067cc
num/411.aac	5540	b07251378e9dc08bf8bf99ff336f03152e885e05229eac05fd11dc7c803f2f4b
num/412.aac	4878	1aef3ddae1d3a91e768cb8f1e6a36a2d44559843847cbf6152ac3e46574ec9b6
num/413.aac	5355	51dfc07955a16891c865676b77b900a1bfe322b3a04c57b6d2126c0476d8dabd
num/414.aac	4774	2fa93690668736b4fe17808e5a86abcd33c417a9f357c7ee3e11ee39fb3f4c51
num/415.aac	5468	8872d22178baecd8f3a512332fe3d75ee1d9784dc19162292412d0266394b58a
num/416.aac	5423	9156f7dca7e53bffe6d4a4cec7474a0552c5d4cae744a31e423dda31d8f0c9d7
num/417.aac	5714	3ae553a0a91e1ae925bc1fb8592bff60e619a6e6f0ce4db01cff67b4f7ef8473
num/418.aac	5642	0cb4315d92cea5ed2909ded8c1f958cf65bcaac95b164683165994a7e29bb6ad
num/419.aac	5579	f440c5d524a96df968341424af53f5e1e523a9040b5c67fbfdc380930532791b
num/42.aac	3930	dcef3f12bd186b25853190f1ae995b3a80c5a70e4ea876caa01c362a30986bf8
num/420.aac	6255	060703ed5441a6f39465ac9908bd2bb417e3cdf3dcbc055279d4dd2c1fd7c5b6
num/421.aac	6888	053d8aec72ccc7761c9734f03f2a0cb316fd15ff4f64e573a7c3de3895e31220
num/422.aac	6625	266ff44515d0321eafac9c699aec939f5bfb7eb3ad033cc0185d190f700f9658
num/423.aac	5798	47e52a040b59eb810fc22bbaf72e2b074b7f8b71e2627a1434790d9edf515ae8
num/424.aac	6445	935f8783096677b379cbd6c209656b881182248c65de534a923e52c458eb09e6
num/425.aac	6640	56a96d3f8fabe088f5b84c243765604bc1d7f5d1fa932f7c05793567cbd3f478
num/426.aac	6930	2783463672c0ca411c29261988149f0270bc7ba24dbbd42991e3a6b7126e3ad3
num/427.aac	7035	2837593c58bb4a2c0a7326583bcecd5ce9299c3661bd6debcb94cb783428f437
num/428.aac	6256	a886b4d2ac2da15ce1120b7c432be5e01d7a18528e099d30e86a3fe5a264f7ab
num/429.aac	6554	891a3c2c79ad815fe4e46aefded01ecd410985d5ec6bcdd1773c894f50eff61a
num/43.aac	4244	5dd1f898940be2f6c6b7f42878f095cbe8ad6e136a2521aaedc41eaa177bffc6
num/430.aac	5361	768592b52829fbcec787bc8ad3cd40d5262803a3a0b1e5a112537e5e6a9941cd
num/431.aac	5875	8b7c593281fbc98ea866b8b026b6cc4ddcc758ed5169e6b8bb2e0424b823ab6b
num/432.aac	6771	af556729ae8f80f3d932541e69718436fb98901049f43b6c7670aeb40d478d57
num/433.aac	5675	bac1e5b717421b77bca084aad684543827b186c949d96d7d6b5603ee66a7fe32
num/434.aac	5904	52bd1dc250787ba68ed313cb9117be723f919f7884880980ec8677c33f95b171
num/435.aac	5245	a13ef4ccb1d671f79e691c696801bd42c75ed84719b58bb5d271f6b2285cdca4
num/436.aac	6756	9893cd35c146f3f4977591bf99fc2aa904c609d25b2afc94075f9e11845e6a92
num/437.aac	6202	b8a410fdfc9b9fe84c4875ca1d5e52296311a6a47a521a06e5f8faea2dbafad2
num/438.aac	6008	105928b6d6d436d58b72fc2b1f45ed290d6519402a1e7a1de2d3e9269fe415d1
num/439.aac	6449	0bfdd223c4f9743381cdc7b4bb654ed2904e00b72de54c48bdf4fea0822f1ea3
num/44.aac	3799	a2903786e1f554318e8408c29a2eaafc6654fc3a3f376363bfc91af429547e25
num/440.aac	5794	ae8a5b488fdd378cb49709ff5c6b2bb4a67f8d325732ae6e555e1c0b9e172a99
num/441.aac	6538	84ddc2aff0693bb805ba26c33bb43afe15735a8d20ed887b108d0a9bda429b3a
num/442.aac	6563	a9d5ccf9136b874f37002e4fd06b4fa5aace1bbeb01b34c2060fc460ce26f862
num/443.aac	6205	ccebef0ce9bc6d5194d2b0788e4497f1f30ff7fd36974db8f0678f21413fae5a
num/444.aac	5697	e431302bf05ea8ebb9ba1ccf84255de1140cbdd0076568d193f071e0a25045a3
num/445.aac	6099	762e33b71b6fb9d94acc4d902d0cef30b768771c3bd96ff92721e0d6d145e50a
num/446.aac	7082	ce3f7b27008735664e68ef7ade4d455ff4130c4a59435819f9427d44b8e02558
num/447.aac	6303	f15ea3cb36ab7ccb1e7fcf5555ea81490bdaba739f63b2ad80bda61a2152b1d6
num/448.aac	6013	3a6cfb3f514628afb3dc17871cd6c7fb8dd8b3dc337a06d9c9c78ce7993584a8
num/449.aac	7158	e9897783f581bc0bcf7f1b58d065d506db9bf575a06d8156939785ad9f2f73c3
num/45.aac	4022	f8839106b7c61370a082911ff119a4670f362acef8713fd10c30c59c3646d8e8
num/450.aac	5446	d07b4ef261b545e264c6eb783e1069c82d1794063a90d52b58c15618dc23e21d
num/451.aac	5625	3ce21137dca513a9b6dac3263f9054af43d2d1312c089505f6a218ca5fe792aa
num/452.aac	6318	b3a4ff4732d5781a28c9d0a7ad071466c925275397507dbf17c8eb08520ca7e5
num/453.aac	5811	1ae04cb6fea8683d79ac440d51f150820c70b27be033bfe9290868388b8dc64e
num/454.aac	5893	f653693406b18a8351967865d49cfc399286a9f882fe90dddf02fd661dd79148
num/455.aac	6226	4fe20177114d0d67dbc0a093891b8bbbf0c4d633d012f11219cd3ba6341a3e66
num/456.aac	6945	51fa939ffe0d7b25e7f2a6da1e8b19c23ab98b18e1cf6ed5baff1997a010c2d1
num/457.aac	5706	e8074ea8850747b2b6c128d1fecd38a405c65256d931232dc6a033d40bf3439d
num/458.aac	5474	ab78c069773682cb5c503abdd15c1e525513fcf6db9816c65b2b0cb558e185b8
num/459.aac	5957	c08f46f1b7d3eb9cb3c5c727a6d4aff9756e5bd55d42064847b1cbc81a006369
num/46.aac	4539	e63b1245caae058a9055cb55e9ef8ff03c5bf890753ea700e5e25dceed9fdc5d
num/460.aac	6479	3570d00d00dffb47278ee1e4d336306cfa9daf705211316deb35b5a900a255da
num/461.aac	6771	46df880393670ceaadc135c0c44ff71f04bd233e714fe6190811ce3ee7ac435f
num/462.aac	6459	fca28fb1f4d63bdedc116b5d6c810e87f52c070e59184efe7c3bf838facc5462
num/463.aac	6320	112449641017a975835410a42aa95b68ef381eb6bad288f9147a62092ac16125
num/464.aac	7014	10d58558d44dbb2c6bd2faf5367885e1fc778c4efa34ed1391375d8b8e7a9e3b
num/465.aac	6828	8723d513918baf8a9ebc7991f125a889fc99a4f1d8316066cc594f66f694bb35
num/466.aac	7299	2e38542f2f628efab069f562356f0cc000ee1a233682f768e3416ccf8dda8452
num/467.aac	6877	5bd4a0b8fba92ab2f8907eaccbd43fad102f9e9b27cc0190e0928f149b03dde6
num/468.aac	6161	88f3992c5a0aefdb625ac916ceba620836dfe0dc2527aa55b47a8923154ee697
num/469.aac	7803	c8e8638c81435a83c3139ded3e1d3bab1dc4ef11e9d223aaa1328954623a64ca
num/47.aac	3898	bddd70e05e7171f06042be75be70d697bcc9c8fe2ecb9dad4f57b9c9e5533c36
num/470.aac	5500	cf5de23457f91925a012ba945a393912699a20e461db84b970843e5e14db0fab
num/471.aac	6441	83c4bbc175ed1b45095d9da9ddeb867bfba7ea1197263f7fa19d946053634702
num/472.aac	6160	f17c34ac15c22b83f90edce8da643569b8f29e41cd16428c0fc413539aadeac9
num/473.aac	6095	82ab2f938988f9b2562c3803b5135433c9b4385bd1e8a6a3795bf33470a99b8d
num/474.aac	9030	6035710d5d2ff4fa0304414349c41f17eea451443c6a669eb921c2ee54fbd291
num/475.aac	6065	b54133fad47ba6490e578725730db06f025518978615dc8991672f043766f7d3
num/476.aac	6388	c9010e5adffef469bf308e67bc79bfe43cc9be948b34035c26bb51c7cff35db6
num/477.aac	6663	71c338cb5b2f46e1e40ad6ee6558f0efe7581db1df51c7a24f2dc1e65d9c67bd
num/478.aac	5981	839f1746092d551b279a4c488126a2fd7463fe41adc7fe5f72b4f886ec8cba8c
num/479.aac	5932	b8e8296d246c1662f223bed6b9ecde7002038d0f39b1401f35b9ef734522b319
num/48.aac	4424	7c24f64cc7fff97dc403285ebb62ab6b9d1d1ea1be321fb12f2e475a05cbbc58
num/480.aac	5614	443bb50aa824dbe2437415c3b321b76dfb3ad2cf8b17402b3d7ff6d99a188e88
num/481.aac	6251	099dc07f5e720ab9d1e99ae03825518d27598fdc8997a22beb9df383c80b8068
num/482.aac	5904	94d543b4c14d6ae1230bba46910f6e218f59a480a682544f1047b7c010b45568
num/483.aac	6174	bc6ea0630362ac830f4f9805690cf1ec230c2be9469b1a4e4b0aac2a73c38da0
num/484.aac	6574	bbd990a3002896a00184bdf29d435d044d0313a4d0b0d842d9f4da17f4c76dba
num/485.aac	6687	494335e921ab312878e8ab82ec189852136eacf969ba37ccf57caae1ec8333f0
num/486.aac	6542	8ca21bf6afc2a715a25b3ce504b96e191253155ad6e92e588fce0735ab3f3b0a
num/487.aac	6067	7e6a07720d45eb6df9d76904dfdbfc460f4fe25011ec43a94f858b80ab7c6a18
num/488.aac	6583	68498bcfed9b5141d0f22224175915d77d492f166f2acccf75fd30caa55d8259
num/489.aac	5915	f15e5735f15751fad44fa2551c9df16f1ef3b0cc181e252965098807db62d931
num/49.aac	4171	df0b2f2b19921906ab264682372ca65a4c27cafcc7168de6485940b23978865f
num/490.aac	5784	1ebdc9cb0e4618aba22adacf7f76206304b97bdab3a0888e595a988180c591e2
num/491.aac	7056	20938121f83cb113ff4f5a8a78c3beac8c6e196fcce156858b3f199ebf4a0283
num/492.aac	6910	91b0cf50358709760fd6df1bd8b004c74371aa274f030bca700bb98284151953
num/493.aac	6302	a8305fc349b3dc40122dd45a59384feb69f02f50af6d3229927873d3660f6297
num/494.aac	6609	d92de6036ee4032e4a4754f4dff185bd6bac1f24d3f09117dfca234d6b0f50fa
num/495.aac	6931	b667d765498b6a5fda5acc41aa6a633a6c92a79b3761377946e5941f8aac88a9
num/496.aac	8184	8467b392ba13ecb79232c8dadf7ab427a4c1ae6bb48f26ef62ff94253a7dd564
num/497.aac	7742	7213e430f13b554749e8b5a17c10c0ef8b4c084526f332ade0c051f9548fe53a
num/498.aac	6988	5c2561f9a368b13310b11f7e017af1923ed00c1a07ce2a5f029a1dc72b753800
num/499.aac	6351	0553968ca9f556c9f670ed925797a5b8f1847602e0f91b8cb8229b54d803084f
num/5.aac	2443	872d4e7722893ee299f3f2618c53803c0c0ac9a82c0f8c8300a6704b8f5af32b
num/50.aac	4156	256b8dcc5deed49d294997ce1b092a74f61eacff8d86161f06d5ecd5ba5d46d5
num/500.aac	3305	ce64a900a1aac76ae26c2ba79fd225424618ef44530c4cb35fcf19e5d1979e81
num/501.aac	5246	8ac32b4c751244de90946fbe1b196e341332e1cb02b029748cf08c2795ef1d83
num/502.aac	5623	c9402d538bfebe74b741e53f9c316ca0fa58845d74fdc32a4456273c2ce704d4
num/503.aac	4401	91004e896c7ac324a61c2cf5f3a68dac773345bc5858c982fe3b2828baf1e29a
num/504.aac	4803	68f34b6e7cfbd3fc258c644b650eb67f46cd04dda22bf48a39941930e02bef6e
num/505.aac	4544	b5aa30c5d219077fec76f5670f966ee8ed268bb2afd5d22c6080f2ddab7ab497
num/506.aac	4507	e2696ea14265e4d1a2dbc453710dee7cc54352e07db4afddcfc99f8b8eb1ecaf
num/507.aac	4863	8249e612c15319c69afd05c847d7f70e5ae2e07f711f161345f7ea43de43b8b3
num/508.aac	5397	027d7df7b6c29a371d3f9f00bee0a551c1c7af9e1107379bd8703719168ebe5d
num/509.aac	5319	ebed8984d0e5ed0226cc5bf5541ab1b35f3aeb75a95725d982b00e148159900b
num/51.aac	4004	c78be4e1b834df798ee8363d9e57d2ecf461385a995f5f55852422084982083c
num/510.aac	4066	0982ad2bec49fbe8645134391d37eed7738c8f63b9e5349d0846d0189413956d
num/511.aac	5087	9197d4d975feac65e490fe429d994f5d09e600a1b38597adc06d719864ee5b71
num/512.aac	5632	9829843ec97c308903c75ac8b4d368ff30bea6d8c9296bbb3cfcbbdefd7e49a7
num/513.aac	6242	b610b65ecaa9d3055cbf0d4abd056cf5ef84e6ed7fd786f26a2bd989a0a79bb8
num/514.aac	4752	92efaf132cbe19552f1c6cd84b28abe77ab3e6eb8162ec59b971a451fb98db97
num/515.aac	4788	a88abaa9f566a15afc2b126dd517d2aea31bfa56aa0077b4eb5addadbaefa6b8
num/516.aac	5788	cb2f9db13f6d68326868ea2ff9327bbd8e0ea06c942e5d5db53f90c1c9b83422
num/517.aac	5629	c9df56fda44a5988f2894eb95f1552cd95e39e1b25d83b14f99bae53b8f44f72
num/518.aac	5553	317a1551a138bab270b097cc52ccf5679e0d74c2e3238dde5b255eca76fcbf73
num/519.aac	5009	41c8b50d0964f18f26f4c18ca948505ba7187b15836a9acbadec09e16ca7aa54
num/52.aac	4246	f37fc15249673ab065ce8e7285512d9b156886c31b8cce19faa1555720330f65
num/520.aac	5515	5594cccb593b3fd2a0d2e9a0ccccf349325747d030f3792004965bd3c248e45c
num/521.aac	8434	a54e0f3f007f442d01b86757613851854e9b58ee15e36c62c6541a8ceeeaf94b
num/522.aac	7135	59d29806e719e9d444e9b05fc4e63ae383b0c8fc06220a294f320cc5655515be
num/523.aac	6635	16e2de21b280ba0711a91d066ecded972774df9ef10ca857c341eaee37abd705
num/524.aac	5752	cf054bd4d19f8d251eef8da171f4f63658736ebae7401fd7ab5fbc8c1eaa0a2a
num/525.aac	5392	9e8fb15157e2c4d633596cac14e62a20331c25fdd87c84a93e1990e7e1d0933e
num/526.aac	6073	cb24f38fa219b5202cc2e2d6877601c898ab16b08541e45e231574d928fe2044
num/527.aac	8557	dc9eedd0a1eca30a6c8e94d3f34b85ce27a637d4f949a8272420bf8b580324d0
num/528.aac	6730	e0d7ed653e6ea7cb24301eb810b5d201b51f8b2cd13586a8f11701ddd890162d
num/529.aac	5971	eae91d1af8a3c6d157130f28a7ef07a634809f17054394963051f67b81b485c2
num/53.aac	4214	4ae38de9bc58482f3ab1da06042cb19273892e302b8baebc5b475cd8ab0629b2
num/530.aac	5582	e066f70be4cec4419974052482326f713ad9d10fb242289dc3adccec46a01823
num/531.aac	5528	d7ac0b3add5789f1af7bef7e3d0c72f399440475d4a7ba6fd1f67722ea45f7b2
num/532.aac	5578	374e56eaa2d77fa1042b47aa404c2478b777862ad5d833cdcdacbacb0f3f9191
num/533.aac	7003	9b76d0631152ef984ad7603dca57f89c278a4131d116e7871366beae072e8472
num/534.aac	5775	009ac766c854c4f05d7e22f2f434170da9d9470e4bd2c82e4b0701c300fb023d
num/535.aac	6253	b8d7f3fda820e8cc24675e423f0e5cc9cd85303dc779f0dc65ad8365a73a53f4
num/536.aac	6533	b548a8be6e722475128f1f8c60941866d80f6ad38c5aad33fa97d26d88202f4c
num/537.aac	6331	5f4efb8b2c12257af5fc44c1261ce1d4620566216f48e75cffe0d430e592caa2
num/538.aac	6479	c54b3d3e1af949a3fd4eb21b5f78c64f3572291a00533c42805adbc17f780dd8
num/539.aac	5638	f0edc18e434f745bd33eb9681094a39c6a539d66b3b7aa98bddc67f9b39972c3
num/54.aac	3724	331eb64f4d5be7e4189f5b5c36337f87c613194ffdd953059d7537a2efecad3b
num/540.aac	5510	86ca45a1493e7717f39ca405b0ae5b8aa732882f5a42454d00385654f798946e
num/541.aac	6917	cbcfa829fa1ee7c4d27f9e84d82e46ee82950265d5b3d719a5f9116bac2c46c7
num/542.aac	6026	00ea7a94afa2c3e01c5e0829b40cc7c1f55c82ab4e1ce9275b95f72337acdc7b
num/543.aac	6651	de1610a8c17a5902165ab1623a2feae51249b0a35d8e6cb2f4e68583970cebfe
num/544.aac	6106	fc96a0a898261ebd85f1b900704fac982bf9cb62618745ccad3679d72830d6ed
num/545.aac	6448	71d74d9408a5d4ebb24d0764ef2b1f550184a56ef4213a596e7c024b24b31c96
num/546.aac	7413	bb4ea33ce43bd5c2352ae15b92c4766032eb8c3b9c6a60ad1d0f2dd3da7b7012
num/547.aac	5991	6e42d97b89c0673f21acd4206e7154671fce5ba9e37f9bd3b0d8e09d3381d18f
num/548.aac	6669	3b3c3f4235f237a73742c4dcf29c6c1a6dbd0ddf7b98a43fd36d15b3a17619a2
num/549.aac	6956	83e01ac6d40395ef8d0f6c306fae9a997ac4932200e79d190ea8bc60d8bad8e2
num/55.aac	3888	3f75df5df8c208518ac65d047d84e12b82fd6bf3d9c6d763e7933d884311ef6d
num/550.aac	5359	60f69c4aaea77e1269c41800d21fedc28cf07234b3706cabcb4f830ceb4f7ea4
num/551.aac	5903	764a6db0eb7cedfb04a89f0f260f7e9a0472252578d5c50196a9bf73fbef6c68
num/552.aac	6030	4d504c4c07d9ab0905e1a04ffe3f3a1bf3c0f49bc384a431c3393b74fc3e5a78
num/553.aac	6808	cbeb1e8149d537f39c6d30478f4e96ea0bc3d79f6e4c42fadef1cb6667716136
num/554.aac	6199	be1461df78519523a72c9e71ceaa6f341862489f141b9cb7acaeae071ca83f93
num/555.aac	6137	68e4a8d3f3881efdddce50b9a0fda96128f054d916395ed284f7198782fd8a0a
num/556.aac	8083	35a140c9888a621d756d194f7b7829da3ff4e69422b6a81cc5369ea401b4137c
num/557.aac	6849	99540a858c53cc0f9b844c901af654139155906d1f0a42a43c8bfd5b8e7d9885
num/558.aac	6069	9b74d520a26daed39b2cca5da3a6905a84f2b0fc80ce4463a09e30cf8e35e07f
num/559.aac	6543	6af5ff1563d107f02d6d626953aa460d32058c0608e7d828fcdff17740a9afd0
num/56.aac	5144	85a7c979923d1b676c9d6738509bf70167f871d8b366e33f30cce248256bffd0
num/560.aac	5165	436c377283f3fb69d141fec0ff4313226b382430185b86786c34237ce8348135
num/561.aac	7004	1a35fafc780afe0152978d8158fe6132369df45be9478b6c614ea8c392737c07
num/562.aac	7086	cebd26a5ace670072eb2b98fcf2bc976c05d47582e54ff06eacbebd8ebd384d0
num/563.aac	6779	951b7ccf2c9c4c08661b5348c9c61df05064faddc3631621798d5b36213b867d
num/564.aac	6437	050ed0c44c04514670d0c5b867f44aa4808d52d6e5d1ca0f492ba136b2959ebe
num/565.aac	6953	17790a28bfad88fc4e11ea1e1cc0d9fc3029050d35ba534d7287513e8122261a
num/566.aac	7365	088ee1ded1d96d9c8e19103ed61e24832f9fca3921f7c3c373cabbf2ff60ac31
num/567.aac	6674	f2e278f99c51c967760c5ce480cf8470273788aaca6e1ca63cc4048c44ee73a5
num/568.aac	6112	bff088860947cfe67f4a7ddaeb733792c533d9ade4a5ab10f50e09b3f8eecd35
num/569.aac	8128	e235a61dd663dce0d8ca8e5e4762c47b7821b4a432bfa7516bfcd90bd9138494
num/57.aac	4335	665b513b1fc6e04f9ec530aecbe47f8800eb256890bac6a6ec708c504dac3d09
num/570.aac	5145	1f83e4e626cbfa21b7f481ec4bba31fba88eaee7fb81b4a3c09d474052068ecb
num/571.aac	6273	101eb38e98afb797d34c729a2612cc364088e668859557500175b359a8d3d0af
num/572.aac	6414	e129abfe129e1f54bdd686f12929244692b6001939547a7bc01231f9c3ce467b
num/573.aac	6558	7199d9bb2244a28e9b4f71f80eb2afa772061824d9ee708ffcbc90a7c01b3af0
num/574.aac	6253	f4601e20fc7b230b755ad9667e9143dbaa3ef57d85eaa3ae40e88c2ea8cc75cc
num/575.aac	8106	55a011d71856c77fb2c26136d11f17e8f57fa0c386d1887fbc1321960096f544
num/576.aac	7082	5a813b314fe4eca4cf3aa6ed3cb7c57c78549a790d957035f19ded4b427f1676
num/577.aac	7356	5911b855b4f456929937afbff77f96fbf1e0365298af91eb97b4c265b80c76da
num/578.aac	6664	6703c5c96f5cf3a91707326bcb0319ed12fe599baa06daab8cff573b73979abb
num/579.aac	6967	4677ae9044a0431ea87e8321910ec375e6b5dff357b2cd14a880753d6d706921
num/58.aac	4201	a7e2187a0dce5b565adae7896948e713205115536496f70124f5b1be7c97c6e9
num/580.aac	5702	6c342d0b526768a1a625d303a90ab79657003a2ac573bcfa5e10e995bf983afe
num/581.aac	7038	9b671855fe0664275ae8894736a394f903579dc06888282542523c9dc201390e
num/582.aac	7714	93e33ddc6622b6642374a81cadd1c18296f9efbd7601ece2113b213e3be4573a
num/583.aac	5975	8d73d4a01b1d44c566670ce773907a7215e96cb6203d47942d7b38ba577a7236
num/584.aac	6768	38cbfebf9f53979eee6809a16edf1ba417d16b49793e8771a5a967dd0f23ac67
num/585.aac	6531	0ed8681e594772d6d0c04d4a2aa69a2a71b7d37e7c2fc1bfc173f3a07f30d891
num/586.aac	5967	d7f5d3eb90f2a29e40c29ce29e5329b24778990b6742fc3b0443e62bb01c9b11
num/587.aac	6538	3f72dfd270616878f8166fa6816f44f82da836b82ede2ac651ebb05ee88a9935
num/588.aac	6225	c2bc61d5584724ff3b057bbb2fcf5b85d34857b0bfb8119007f7ebb0d4f23b39
num/589.aac	6649	f9cc2c46e30616453648b72294088c185f0b5f664625efec99a421768740a6f5
num/59.aac	4289	4ee42b8be6114c7f111494a1c0c513efc5df0f5405ec9ed48551df7cedebd7b1
num/590.aac	5482	455cb53f457ef8133a83cdbb3d5f4368372b2b29371ad4092a16c22ae0de31ea
num/591.aac	6093	9e583e830d427fe13db5a1971b74cd59c737cc58e7a3f7a98da5bac0be0c6a9e
num/592.aac	6744	02b1f17c2eabb97aa8aece266885e65bae3e5b09dbe565dfe0a9f2b6b19f5176
num/593.aac	6689	1ea2661c0d6a88c4ed8e7327202b21dc9a8c2d79b9374992d46b9dfba525e1a3
num/594.aac	7305	bb68128b2147b097c605f4d2571ec899b0965289e84cf7134b68c420431bea7b
num/595.aac	6474	d396af2d6996e3cac39bcef6f398b786e0f3172ce75dd3d9f0dadf398aaa1fd5
num/596.aac	7294	216563dc258c3a7e7e6dd2974278d531c224b6bc5184814d3f84b16aab864067
num/597.aac	6968	3771ff4ba3b0582aafe56b550cd3f7f663a9980784d1d15b03e2051d28f8fd1d
num/598.aac	7019	a3ba0ef98e5d5de3292bbf8c98d1a5de540c5e100362c9a374b35ee085c66e7b
num/599.aac	6977	dd0d6a7828f2f9c5cb44319afddd76d5fad325240142cdae17f57ac44ad09197
num/6.aac	2568	76e604ffaad5d1fe641c26c0d934ff4b243eca99e15886edb2b94ada6824e7c7
num/60.aac	3226	38e45347ef29998390a36bb2cfddb9a79568ad0cc92fc3883610ecfb066d11e5
num/600.aac	2898	1a1cd1534793da0c25096ce8be4daab89b13e608099e0c58d74967e5690daaca
num/601.aac	4484	f733f37f4cae1472c6ea2b90bf8b87f4f7303e0c5dacaff856a9ff6be8800af0
num/602.aac	4818	54bbed1bf4eb0a225298fe3649accbb28e97c387e6e91627f4b08e62ff52435a
num/603.aac	4507	bdef52afaf910fb62c57fd9689e6a2b535ec141e0a6eaf1b5895731ce980086c
num/604.aac	5226	430e5e978adf333a5bb605fa086c4b1bbc237823133c0283935c33c60fa5ba3d
num/605.aac	4885	ffca327717c6814978ecda780cd15d6bf41196ff675921409dd14221e84ccdc6
num/606.aac	5896	72d6e8b005782fb9f41502274b96b6daa5d185aced9a766fb0354704a99d8845
num/607.aac	4474	5fd95b06740ac21520d3e74645f9eac46208ff62ada2998d8bb049bd3637fd51
num/608.aac	5783	c90e3bea07c3a6353fa1125624ed3aba677ed7ef36c8a0c9bf247f9b752c0c5c
num/609.aac	4795	c7791df8eddcd7261a27f8b20550ec2751389171f7eacbbdf436b937d9a31553
num/61.aac	4001	2c793ad61e7cdfea0f88f2c622c38b93dd2dbb729cf7856f95c48aaeebe8a076
num/610.aac	5277	585aa2c6d676426f485ac94db046676244b7d3a035d0e55715bc28cbda2b8b4a
num/611.aac	4927	299e7b8026879f9018ee7c65875b0f4e86a44fbebb01cad9bb7a7e151baeb24e
num/612.aac	5748	1090796b31ca0e647d3ae0ca283dd1f9a3d647f68a953c1285b81bea28aeb9db
num/613.aac	4915	2d1f3e8837ab1ff8d15febc1da6e33f64a31fae791a31ccc27b644032764d184
num/614.aac	4910	cbdf41205e92dd3199bf6420a1b24c274a9ab4b3006c3962e9755d8a90377c54
num/615.aac	5649	ebf441ca68fca37a94904a60abfe53df1323aec4da3ba4a7b46745ea522e5553
num/616.aac	6940	8cac62d6291effe2e9e99d85e254f2d3c4c5c171d20b0f82281a78fd38792db5
num/617.aac	5198	0a7d7518893d4a18238d0ce4e1257279a06b7db208ec723a64185d23b7ee8c56
num/618.aac	5295	5b5d14d290bf1619dc88f2c6c97f2eb33194a3a9e99f973bce22a38f6591fe03
num/619.aac	5340	c322ca1afac1b7f79583715596a1ad5dbda564bb1bbe646b187e33b097733a9a
num/62.aac	4507	849b3ac7dcc7b5d7dc7dcb92d00e4998f602be61e5d31c381e2082359f7321dd
num/620.aac	5547	77936a496c6bfe4dfa9235bc1419df720ac975baaa25e0d4e92d2a228af8bd13
num/621.aac	7466	67838dd587f6cc03998b4c7861ac80df74875422878b7901459ec461180dfcb8
num/622.aac	6312	b4522056892b4afbf11f6a21c5f6e1ac8a87012487f3ec1943997e2319e8099e
num/623.aac	7434	f0a923b9a7663de004d7ccb20623697faaffa9a28e73b529fcef9ce711b1d7a1
num/624.aac	5946	84a3a82d0ebc3ad67c1bb6d935396eb59c838a32716a0d9badb150cbe21e3479
num/625.aac	7257	32aed325d8f84892c3312af4db9dbe9cde4bee9ef709016b599d12be710af655
num/626.aac	6998	1dac136bd868e77506de4b5e85a0d3c5bac035748889f0f9bac3539f12b33ff4
num/627.aac	9744	b34fe017cb1223cc57ee71b00cf51afbc13d6454cca99e3f0d839ea9f9a40d42
num/628.aac	5709	37eca07c79b0d2e06482078ed010a14b7020337a81f2b18a4410836fb9200341
num/629.aac	6623	86e911835b6a7b878cbcbe2febd4f0cab297ab186018e3a47971f07c0e6ea4af
num/63.aac	4334	a8fbd6ab36172932ff2f7e925f0932606419ca5183fe949c26e529ba4ff7c538
num/630.aac	5234	5d38170df74fbe8d84bd68d404659f63080b1cdf2ea840ad9df6b7776e214d6f
num/631.aac	5810	3d4c6fe99f4d70037ff337a19c02ca2489a3b674d9e4bfc8ab3d08c082830d8e
num/632.aac	7086	ea874363ef8e23c767151d82dfaf5dd02510ccf40d8acb4ecebe4ef80d51255b
num/633.aac	6759	c37e49519f95a677542e2fabc77eff823189a42dd8e14ed66f0d93b89d874481
num/634.aac	5449	7a1abe281e46f3f9c81d9a4176f71d91060d882db8a95e70190f23b3b8f2e64e
num/635.aac	6630	efab6597ba246eea90c82da1ad7264148ea0c77862dfaaa1f5d8c01ebac53166
num/636.aac	6707	6a689214c428520adc62c096729ced7506fa14f6e7bc05a499b095b1a992d0dd
num/637.aac	6130	76552122a181f7936fdeabf1ab86cc4c1f004bfdd6527b5ad07988a4ae850a41
num/638.aac	5691	8da9bf18ce9eb0a64765738fe1edbdc498da4ef834b76c38c9ba90263fbbeef7
num/639.aac	6621	f1c147c4d2f6a3e1165e1046881d4790afb1505a846e717de679e1f6ce5de752
num/64.aac	4536	c0002082e15e6bd168c75d5565dc2268510caa438ea15a09ae08b2c38b8f71cb
num/640.aac	5564	4663dd6cb485bc21c41d02caee98e8b453819cd214c549a968a72f543bb2aab8
num/641.aac	6893	c0fba7a4496233d594d809820b0300bb1cb22f6a753abf011dbb2db8f5b5301e
num/642.aac	7595	18634666db1177be884f81af284ba2f841fd075986ae0da7f7c4e93e40acf930
num/643.aac	6387	13b79c076684b6d2ddfc5d8d3b1415fa58d33512faf88eb4e023136197aa19f0
num/644.aac	7119	b052527b3acf074cea0640aeb0ae9351473c2c3de4a409169126510620bec0a7
num/645.aac	7690	d31ecaeb8c046d747dfd13c25b426e94ec6b3a16ab8393e89da1d3656bcd66c5
num/646.aac	7063	bdbb80c077f881ddc499068ceb16bc58cfa062472ab985f8dfc25d72ce3aab0a
num/647.aac	6484	cb6100f2e4905d141e134433d8c6982a923e8952e313eb114e3b2b7ecdaa6b61
num/648.aac	6082	a6a2d5aa34333be1081858f8b7de720d535054eef9aa019bc50ad39f69f03df6
num/649.aac	7097	7bb5a5aa6100b09673da7e6daf193fdc40ca18f80fd9ef883eabda8db8da7972
num/65.aac	4537	2f799faff893f32136a69bd0ca0e3a6e5c58f247974600893ea1b7ccb1e3e608
num/650.aac	4932	d32a2883871ddc81a61ddc708006bbe3882554be9599826ea3416fa18a16bcc0
num/651.aac	4745	f26792e98f0034e4b96c98ea9d11bb94fa0a786f68a4e26c4ccc59c5796f5b2d
num/652.aac	6498	c0e3738849520360c2dae92a1dda73265b3e5bb39403013b7f1c16bb3cba69ef
num/653.aac	5860	92089f89a548b6c300ea1fca0a24fdf10599bc8a8a02a83ee4f451639270015e
num/654.aac	6452	282031452fc19cc6850b68bbf900ace979e8211476bfcccec90ef3cd7f67d19e
num/655.aac	6894	50ebd84a0b32c829a47c418631973f5fc49b685996ef778511ece90b745966d9
num/656.aac	6809	a6fa20fcdbdc62bbe2d5a195da60fd6cfc15ee208b114e6c9ce13f5a23b82937
num/657.aac	7686	5e0bc4fcd2fc0b7b4927ee2cac214748590a432e1889481b2956ddef1e1ca143
num/658.aac	5962	74b7ce38299b9c07f677de32d094ac7827780946a1d0141cdb2522367aee0549
num/659.aac	6074	5302ba38008619dcd0461896c64f39234d1565c79ca1ffe5cb6966f86125ecb8
num/66.aac	4318	4824c4104c6ce193df74008ec4d5e0300ab82ad5d406b0c0226dd07d2734ec3f
num/660.aac	5751	d40783fe868beed231ebf4cb86e5b0138844af642403217c7c728ec5e922854f
num/661.aac	6950	7062630513c2d4fb08e6ead92d2342076be312f43d7ddeeddde6039667acfdb1
num/662.aac	7045	7b5f29d27d7e3a68a728eb7a9818f02acd51f12f1366f5a0857279a2ec549fc6
num/663.aac	6280	be59a9a1b0f61fae475823338d55652aff7776450ec0767b67f62feaff0347a9
num/664.aac	6527	453ce42c511aed4571c5c52d3800a4c48ac57d07bf27d56f530d7c0f937f704f
num/665.aac	7332	9c709e6a90a9918ac5b6008e0d3eba6dd2c2bbf519ae1728d7432ab3d374d53e
num/666.aac	6607	7deea6d6784f694abf432364ca81b6c99991b5799a14e2c6b77f9c4f3f97bd72
num/667.aac	6163	0f16f74ff10e7f35fd6d161089d73112df9a03c85a74264b52c9f45ce3a6d551
num/668.aac	6248	dbde62b6c8a7b6d2f50d52cd377c85c7be00094e25826a49b52ae57ad45d17f6
num/669.aac	6451	cd56e530b0c632af9f4180c6c5bc00591eff7e2c22f5a4e1625e1e0a326e4771
num/67.aac	4546	d154221610e169a525bea73e47c14cbdfc15868961f08e5b9dccf299ffd19778
num/670.aac	5527	8589503f67fdf77b341cf8a186ae3b8bccbc945acc39ede0aace59829180d311
num/671.aac	6771	5dc37f1bfb4e693f0fd44157a2b319443d4dcae158985d637ba69089b470aef5
num/672.aac	7037	f54b41675320195d85477fa4746d0a0b00cb8fb9ab9ac34c8475f3f66e3ddc43
num/673.aac	6657	50ef121666738b5b439cd88d9c7a18eb6bec70141eb4fb3a186c706740b18dfd
num/674.aac	7403	372dee136f5eb6cfcc4ad95ab5df745518eafed7134d68db525260b9654c6647
num/675.aac	6197	27606d1f3c2e24e178ff31742dae95310ae030ce6a308188aeae89b73dc4e22b
num/676.aac	6210	2f2cf5576a4f6856cce393027b93719b7ea6047d3828b763bd069ee6f1d8811e
num/677.aac	7202	73e0b053c5847c816d71db532c83762aee865ec58845947b716776a06a0322a0
num/678.aac	6231	84de3a72182b40d72d1ba0b1594b2223df8bbd823f1c69a5dbfe36b79a69c6a0
num/679.aac	6714	a1b74be6c51ffa658a4d75ad072702e0d0cb84eb4612d5c5b38f755e4682981b
num/68.aac	4235	f893a16ddaa8b8dd60b98663b6ccd33e6d983227853931837334fb86a6985826
num/680.aac	5137	460c94a21d8aa528a52ff93dbbc418367b8b67b4b5eca07bcc4fd56f2253e992
num/681.aac	6650	240f06cbc7bade7ec259d310ffdd6f719d429d69abc4b58ca99fd6f5f82c52be
num/682.aac	6846	ea40c6948edfa9aae186b8737b3ba986d1890f846169268d7b54565afa5fe302
num/683.aac	6130	8c774d4059dfd73691aad6a34385117bc12d892ab756e771f9ef4c1be2ac6ac5
num/684.aac	6357	d62ad0fb0e8e23abbfd132f1aec78acc5311a9f11a6f48b695bb20916a04ebda
num/685.aac	7223	49a8378c5bb760838c5850e2a386e85c689265f9afba30f4e1bac4df648f3f66
num/686.aac	7531	b4ea79b4c39c8b77bde65e90775f1726ac598369512a73f6bc15904d186c1b75
num/687.aac	5755	68dba624746b89713ed3723856b0896b4ddab466d11addb6b86bfcb95f1e6ebf
num/688.aac	6300	e4314ad377060d074e3d21d8611b9b0d6d177fae3bb172da4e7ed6a50f6440d6
num/689.aac	6781	360dc4b0e9b23fe3206f05bf04f0547b957e9e9763cd497c65efdea69d2926f3
num/69.aac	4818	e1efbe9417d51bdf86bdb6574e808f39af77520916d625cb142a9dd56a4862e5
num/690.aac	5439	753c6c781af0c17344c2faf8f0cec3b6912e697529f16170157372fbc6fd2d63
num/691.aac	6803	9835e8473b2b79bf06685c2ba666246098803e5e2ad54c1434890c6fda4d7e25
num/692.aac	6363	22d4c46905c8c935a8aa450b54d2494fa4d692b3c97d292f882ab4c8b8483828
num/693.aac	6892	320b19aaadbd14dafc2e4ab75186944d79290ad4e181cdca7150b55ee1dd0d11
num/694.aac	6550	2a74516cc8a81d3f70537913442df2887159cb2da93a5affe885d9b2f08ade98
num/695.aac	6202	619d2948f2d5621bb1a8372dbb76d7f22b65586a13184758008b2f05516281e1
num/696.aac	6514	49990e53ec6c1dcf1267134f8919876a6e675efbac41184d2a3ec6bd65749439
num/697.aac	7042	c323791b96f7ce232a8fa24874e2d3a4420c936f8fc2c856ac1dc44b9de36116
num/698.aac	6841	b4da5f9eeb99f208a76eba1c085f335d52d536f71db33ed36b710283de56a012
num/699.aac	7293	ef7dc4b58a180d33c5fa576e402c333a129f77e5804249d7f30cebf283977585
num/7.aac	2739	4248818df93ee1d0d06926240d6ecb86d54bc32c69928748b185ccd786fd61c0
num/70.aac	3255	e4d02df222c450dfa1842a2e254859d15e93a700448c31ac8f6f14732398455b
num/700.aac	2687	fef756f2c3195379f22f4441bcbf80e19883e9df33884586dc28e50c056fe66d
num/701.aac	4892	01cfe16b468eb88ea73dff249b38c46d4df791393aa3a42d9e288156412c451a
num/702.aac	4880	c3782c68826361a735c5eea61718254fc7cf372e43d722b3b813a6404de78b1b
num/703.aac	4732	1e4748438588832e242241ec0e6a7a0d6169c2cebac7655acf4608858b991ace
num/704.aac	4685	c1a0a2f376c9e1b8fc220200239fb67b52b457c0a9b03399fe850fb5fa314012
num/705.aac	5474	406760ce4bda3255fed093fd73beb4351148a760de8c0c3d35b66d884582b811
num/706.aac	5533	519873fd123f8ab82c28c7f7d027be4771a81d044258c791ffc7e58f74bfe7ce
num/707.aac	6784	5ec85d010b5edfeba97ff7e5d0cd0cbcfa2b39b0099fc9f16525266cb7a1575c
num/708.aac	5048	cebd5043a1ffb6763a9cbdc909d788692becc48ac0f554fd244139a081af038e
num/709.aac	5183	a5acd31459ec351630c8771e9a0ae164d9b45a1de6a07b7aac76582535a1556e
num/71.aac	3942	be89ea261c2c06bbd34a4b3fbb1fad391efd746e408b0165cf190dc31fd67ab3
num/710.aac	4889	859f82a95dc477d78a9305f48b21a60134cc140778d3225fe9da6f3f0c6291ff
num/711.aac	4467	a269c167a5386798c85962527b7117da5a13c58c76e61fb4f80bb26433eb6088
num/712.aac	6331	910346704423c0d97a9bb4894a1b7a6e2ad7c4fd9ba115b5cbeeafeaee2638db
num/713.aac	5710	9bcf74d72a81cc241b3a1178e22db23d69c1038444a043ab88287855eba97677
num/714.aac	4637	6ae7dd322f2cefe32b3c8590291cf372ea013909efba19776310a841d20db728
num/715.aac	4435	e01d6f29f830b09c09b6e9bba4d6be5ae3a5e4daa1ceb83de54cbdf662ed1f97
num/716.aac	6507	24fec6f2abf26c97ffe84ca799651dcb138759ba0cbfa7062a35ceb4e7ce6ef4
num/717.aac	5252	91992e9c73f0de759662ea311acdaef75bbbbb8574d5d8c241492b2a6efa2f4a
num/718.aac	5508	d5fb25b1e549241e7945a44cb900315c4e6a15514b00d41cf2a42e5404a2069b
num/719.aac	5538	4394c6e8a1a2872c16b944bdd12f01f2fc287d4e0e7916d9fc096562603efc7f
num/72.aac	4538	fdbf8e892219eda114dba395656d1360f4af37106206f268d7ce5808256afc52
num/720.aac	4945	74ca461c02e14bce4c0d67ebb1654bdaf6ee300e1114873c30f6cc7dfccff5c5
num/721.aac	6534	6860353a4c6e443db0ccc77798f9e9dd7ec4da8925458a0c2d5f9a4acf4cebc8
num/722.aac	6384	7372fd366f2005feb7f83bf1b744293e7467d53e57f570309faaca1f1cbdb3e5
num/723.aac	6466	f8b729f47f335bea2298f1545c2bf14fa8ebc45bc9e90c23277ddf5a26478e03
num/724.aac	6105	2f36fbbb46f0be596435b50f9dd07c4deb1d36c15c2406933cfc837118145ac5
num/725.aac	6119	5b10e5f60cd71f17aff2fd4a33a5bbe8aabe6f03f1f0d41a0ff6013e7060bf96
num/726.aac	6425	ea1a4dd8e03b6c8aec9e6049c69cef46ad5be6b0d7647b2426c7e4da2f040ab6
num/727.aac	6139	950bf2aa9295321942e68d3da8b703a17c88b7e5a701b6f8d3a28784f26fe2d0
num/728.aac	5371	88ea013fe3123aa63c1eb2f40a9ba565bfe4f12f891db7af1020480911f902e3
num/729.aac	6443	a8c40258e087eb3f7dcf33232308b5983e910f2cc0e4d58081506b4f9ffd5389
num/73.aac	3531	2d80421e3ae42277438a68645853c64b1166a3bde43c645071ccbb61a0ccc71f
num/730.aac	5075	9c820c328e6dc767cf893c9d990a46fbded7e7e8b27aca73f167717d876ee6a5
num/731.aac	6198	95419794a16d231266782c29f9655b61154d82ea310ac5169c40267bad936f66
num/732.aac	6141	745fcd6d7a2105a59012dcb74792aeeac2871c7d87b5c89f0e661c33f3a2dc72
num/733.aac	5768	5734208022847bbb0292597e9c1cbf8bfb4853043f2b4b16050b9f3c79f88e1c
num/734.aac	5339	5002e7b7a07b30673b75708640db1c7eac66be6fa4493b9e9bd92fc767db07ab
num/735.aac	7390	2246c62e10980c6aeadc0aa8ea949dcf365f3395d9c30737b4c0bd99fe7cc6f3
num/736.aac	6065	d4d449c67a9ad2d1364d551f843a913f3f49118cb2820934855a6ef6ce9f610a
num/737.aac	5475	52bdd88647a5ff2aff252b3b20d53654ff939d14de78af7e504711e07d7015e3
num/738.aac	6284	be5b89d4c34fae3f6ed390764d7171503a9bdbad692efa5fd4fb7b1edefefaf4
num/739.aac	5607	0e6825812f450b179d8bf2f334511090d38628d1197bcbbf4ac07156165c0531
num/74.aac	3960	3db557e3dd3dfc321f8fa2d301c6e545183db00fa3b98d0323bc5ad34d42bf5e
num/740.aac	5453	07cb2ac6a0956d4b4a2fdd74ab8e70bac842f25d0e7d5ac119a13133567f23bd
num/741.aac	6246	9a30cb9b8e397bcfce1728b0fda82be1248d6bbc71c1a24921c82550f24f4324
num/742.aac	6830	88af08a47ae82b93adabdcc6b0a65d5a5401d11325520f5623bad722707e738a
num/743.aac	6201	659d045866ae9a35e81976f77070d02c9c3f96be01ffeec6dbc2c90079d87bc0
num/744.aac	6326	da2822c248c16e3741b8057315247285b223badb077f1b5caba43f8927d987b7
num/745.aac	6742	a90977cfb2c0c7c7bbb59521fa6697d43c88589509e8274445437d2ab94ad826
num/746.aac	7231	d5831ad8f2de99a82c79195f0ca02dc5e46bf514918be3f8a096b7363853afe9
num/747.aac	6294	895ed53324e16bded249c08ab1c97180ab37409f6d05a2741e0e1319403fa0a4
num/748.aac	6878	1d69b3c562ff08ec5dce4c8b1f7f08faa90597f602987089b5c700c96f7fadf3
num/749.aac	6040	c9036661026f0e2261fb7428d283d26068d874bdb877d41670a7466d72b3b39b
num/75.aac	3587	21d3db1c5e720b22094c8db80c69ac6bdd4d482db5c99c82286b25ee1d57595a
num/750.aac	4948	0caa33ce9e154630f4a287ea72ea3f00d1f54d5a2895dd02d67edf3d05fb457c
num/751.aac	5252	16cd471fa00aba7306fc06db7b8f2f2390241666066b12d08daa3bd4c5d6eccb
num/752.aac	5855	07b339d3975e398ede362d41e12c0172ffe8f67200d902b3a810fae6febf4876
num/753.aac	6307	a162f0dbc8c3df32c2df32a8690de757e05a182f32b3a29de9c3fb09c49f3a2a
num/754.aac	5982	6ff13a63115b5c58a3aeb1869da91295014ea97872ffb4376e98ad89907bcf89
num/755.aac	5410	0d72682ac94cc77894786c6e7886db9af3694bfa96533d7b64c5fab0a7b0eabe
num/756.aac	6772	bc536d1418410ed7316d7a744aaf3ff217cb846841e92210c9238857c9bafdd1
num/757.aac	5715	108cf882d7fbb56952e5d5817080f7da4fa99adc92ae9ad5bf8b28ed1fbda0a5
num/758.aac	6071	84ca0e60a3c5f7d5bd0aa96a762bef01b43cf0a082bcc5fb1fe2a36aceb731b9
num/759.aac	5902	4293d8c319ad0a2b55cda2e3dd03f774cc18e1e349458d276e8eecc6c9b5ce6a
num/76.aac	4292	d062c2f10749197287f412e55501d469394baea1e980e886818f9e467455891c
num/760.aac	6915	0cb72b5089f3389a0857f533dbe794426e8a6d479cc4d08b30276230ef2837a4
num/761.aac	7629	eb21d7114adaacc423b86f5e8720bf733e2dab868571f0557f2c4014bf2a7fd6
num/762.aac	6188	104f9e1699a5925ee07313b1c720a5921d984b878f0a70340ca50728ca1dcb9d
num/763.aac	6447	73a1b3447390d14841381560f7ed033a79d54bbbd3ccff5f323977cff2024a4b
num/764.aac	6619	431c0fbbff94140607374b4271342ff2d28f8394de29b0ee960f9344267244e5
num/765.aac	6255	cd7fb60983f33b6b73fd1c3a4e20a542c755d3671ad7cc5c380a5967aed7037d
num/766.aac	6444	0ead7fff155e6a090fce1f6eb24157fd26a013841f6c489a7182f294a305410d
num/767.aac	5796	c720be192e26bdffa0827b95f1f3d02ccfd26753558ea1e161715b3ac445aa59
num/768.aac	6804	a45a048e7740cc2cda53c71299b96a47197da1133b9b1b3e79b8105f728ee518
num/769.aac	7136	316a1f83b226bd75bc73376ba03446d12b00b9c678fbb105b1a1e7c1db75234f
num/77.aac	3605	2eabd9c15a3a5b3da6e8cf93e625c24fd1eed35531ce21029c1c2e970aaea1eb
num/770.aac	5793	c1bf7e022b33f2dda68c748f05d3cc6ae9b81f87b94c5ce09148165fd1c97352
num/771.aac	5700	45b378cdc9c4683ec079bbaadfe30b708e51c1afb2611faf952c2c3c258fd16e
num/772.aac	6493	2cac563415da8644b0690b939dd83b7641f2b74344c4676b086a033623801518
num/773.aac	5951	90aea84f3dd21f22171401ae1c6c7c6ebc5db489159084087477277fdc37d518
num/774.aac	5915	73c5dbdcb533ca4929f173394fecc4c62af477f652dac2ed2ba42c351ccd49d7
num/775.aac	5975	f6a2f6ce8f3476bd344fdeb99f3b8123fd38b41795af3dc1f1586976ae324872
num/776.aac	6161	6812f770abc64c6a8ca3365594cf09ed153503c701ca300349b74b55adaa389a
num/777.aac	6568	07e77b656a6272f9aa9088e48cc8e98e48ff27389cb387ae7a3e044940cec79e
num/778.aac	6212	ccbe5c204b4c95303252aaa93839b68abec55aab20be273286095e84cd91870e
num/779.aac	5939	8f67e5539e675afc74ab86539bdc530e4cff2cb3f77c58f2a344624c8d654f6d
num/78.aac	3211	67349d5927475b3e1b50edbe5311bbd19c56fbf1d6eaa4c36f9f670d5f1f065d
num/780.aac	5758	61acf404b26f9f4039db0b17f18f95a5113f45130fe9c8b478eae81f71063826
num/781.aac	6155	d642f4030a3e1e5b8dda4b262bf1e1aa68c8da918f15f3deeb204e32f6aef3c9
num/782.aac	6656	fa99ae271efd38fe0a5c29ad1d84418356a77f6e5c9ce73e8e7825e2b63f0ac5
num/783.aac	6119	8b484d121ae84d7c1e85d4b3535747c626602f4def75523c6c51cc0fdb8fbe82
num/784.aac	6034	a5795f410a3e55cea28271ece001f9e7a0df2b61195b62027ffbbc41e127d914
num/785.aac	5547	f8fc3bae04706845ca9c46ead1738793748a6612ab712641def9635c8e2da65f
num/786.aac	6115	4594527ffd7024258e580c3f862cdb3a8e9625d036551a6a1a1b8c40936fcab7
num/787.aac	6123	5bd2f8e215434e3f416155c95c7a196b2f59409430c0635c665113972200a9b6
num/788.aac	6579	3abfcb53d67f7cd9b75a3dada1968851f05953dc3f17d93106d77058e9cd2f88
num/789.aac	5676	69560d1f178b96b62de141f63b159e09ff236a00a534c798f91841187ae7c513
num/79.aac	4481	50dbb4b9242129bf286a0523c4b1fd74b2050e2e4866430d3572121ea1932e25
num/790.aac	5760	78a5932226e9cca977a3d642fce1a59817e98f593d4b094108d23170a8d4a46d
num/791.aac	7428	3321fde4f274cf1e07239acb0d7fc87c5e853618f88d39fa7bb50a5dae5d8f5b
num/792.aac	6880	169e97b3bec6fcd5b80a76164fa122df8d2a0a6cdfbc1f6062e8020ea9434faa
num/793.aac	7411	07b8659446fbd7b0109b0612879afd0f3bb3aa73beaf431c9f4d2309589c9296
num/794.aac	6574	5c1a1ef5372e0d3f442864a0205cfd61ccb3668fce85d9704d950bc2716c0679
num/795.aac	7273	455148f91ba946608891118f48ac5ad05cee05dd09ea5cd9a72333bde6461eec
num/796.aac	6819	cd3ce4702776b09891ac111bf47b9f031990a081839ac1dfbc777f8b9318a69a
num/797.aac	6355	1716d626bcfdc7857d9697bdd107e71dc8bc62f69c0b3a62dae959f59a33ea70
num/798.aac	7151	3b6a78ba873df33217872f908fa5f410757d4a6e88e6f439f6713242b0a1b45b
num/799.aac	6704	16784224f944da70b1142d41830a0aecd2a3992d9dadb4fcaed36f58b04761b8
num/8.aac	2855	630c16d0b14b30f496e7dcccfc890903b2e1429e48021fcaf1a6b4cb305b2bec
num/80.aac	3120	7899d584d2bfc30bf108583fa018da1ef3019c00972c0760671658b80e2b270c
num/800.aac	2796	bd4f77d938f39df079e627f27b2cfa5f6bccf3e47456bc27b204870cf34ff672
num/801.aac	4118	bc6f2cd8567f3a571100fbab1bb6dc5c10e9dcd8180e06c96c80b78af5b066b1
num/802.aac	6109	edff282df246f72a121376a41571112a5124c6f3ce483acb969840131d2d1f7a
num/803.aac	4298	31912a764d46cccbd2d38b20cb7ab029089384bd720a5dca9fee184169277bec
num/804.aac	3589	531559bede265b9b1aa720915369db109d52750cf7f23e0c622297beed1ab445
num/805.aac	5314	0d9b24ccb2120953356664adb2d1fc176c11c55220c37831b1840104f10da342
num/806.aac	4851	9d43316d7f171100c8e8ea91101dab6678174e5cec99e2da30668765f07ad8dc
num/807.aac	4660	fbee6a94033b9bc71df7d92f5360b6d9bce108dbc3b7509847a6ff027de223b3
num/808.aac	3660	76fda1160fbe3f3be9778dfa9dbea79c13c03028480dc136eb90a5471dee6299
num/809.aac	4916	8938c3bc67fb2e161777a7bd7c16955553fd6f079508664263457eea57e6254f
num/81.aac	3327	9e62594877fa13ee1e7da21b705cf4908c71d410c3291c9169726b564ad2d062
num/810.aac	3747	b0213ec7679e3e17ecc527c43f6c0958f0c143246d93dffca22922df5108738c
num/811.aac	4820	26a5d2585615782c8f5525f0c5c8f99b2226fc75e069d1dca5d7223fe28dc7c0
num/812.aac	4749	4805edb3663496019e72823262ca34fb38d67d15cf3a1e1dd8f9e924ba42977b
num/813.aac	4985	6e6c9b999fc30cc3287cecd68ab927bb97157c9cd7edd3c1df53db536c0d2ee0
num/814.aac	4149	c2c457780935fc6e883c93f35bb7aba10cf960750800c888ea7a5bd31beedd49
num/815.aac	5050	793ccd760ff55563d343bd946a0c02b269679d91395891ac0305a4b7cbadbc4e
num/816.aac	5500	6fef421c44d66b56b039aac169cde139a4fad3e94498fec1bc69128ebdf923c6
num/817.aac	5503	cc50964c1075bf3a8fa99eb34943784b33d273132ca54a21771153b02ef1ddc9
num/818.aac	4903	d562aa8da2703b1ebdde9b54202ccee0065984a2d890265f32a07e032de26fff
num/819.aac	5926	acb96476c1b1a5db8a69201c2ed85f0ac61b7b1cd70e76096718f3d49e9b4a4d
num/82.aac	4307	9fc84d4edf795540cb087c5bebec43f4c1ade86061c4eb4bcc2b0f3f44a540ba
num/820.aac	5788	69b8b12c2cb8e3696aac5dd87a720906e040338c52af267e0725de3892e602f8
num/821.aac	6414	95662b8432c34cdbb5b5fc647df385b92641c7760fba04aea5cb4ef08a2d4bcb
num/822.aac	6213	8ed70e7bf720ab2cf6f8ee0bf30b412883b42c4db90e2fbd2af73f243365f847
num/823.aac	6187	4b545b0f857a7d66bbbf8a9448da4801e6e4f69d88ff8d9bf768ebb92490ed65
num/824.aac	6257	e062056c5bcf26a0f21d19553f811c5515df2751f4a2d8ae48e40dd9d1fdddb0
num/825.aac	6372	c51153e55295773d0153fbfd2fd0b6ae871acfd2c74c3cec98979940964a1472
num/826.aac	6567	88f92ebbc4b2a889f74342da02e92c8099834828423ed81236ab0c3a2d82c3d8
num/827.aac	5896	ce2ce0aa55467e7aa24f65c9433616bec63f80dd87650e999f8016ab7c82b58f
num/828.aac	5598	6be9983d49f44e1849b3646a09378b5b38be0da2f20441b28afdc00c9f18c628
num/829.aac	6630	903f45e8a5e2cf93792445336eb0c0b15414e5d95cb4fed4a6e8ad39f85132f8
num/83.aac	3889	035e1a07b4ad29b8af729fd4d4341a306f20face6f9b6e26fe2f170d0920fc67
num/830.aac	5161	ab85592069499ac3ee48c474d3dea02b159303370047ca85d428e0f05d2a7598
num/831.aac	5228	7ab222dfcd7ee97c29a8eae93d4e228662fce1cf67383baf10cc3befa1215ab9
num/832.aac	5501	54e60bbc5f65fc391b465e2aa0d3c637cea894a2848d8e68c6bd28593f15a33e
num/833.aac	6179	aa9859129f4c6a27d98300f04488b5a5b6cdd914e7e375f117ecf2b28ca9fae7
num/834.aac	5988	4f1bede4124aada0b5e469bff1a05db5df6b19f5737d867314bdab90e3d83fa3
num/835.aac	6185	5c6512b674f40e0721ececa557fa8e07448b227d1f725be126186fe722c6c6d7
num/836.aac	5836	8b359e01de1ede9b6faef0bec89b119341dfdfedcae3ca89f0cc9cd925437491
num/837.aac	5932	4e654741cc676aea89f1f87fb5d13e7863358ea9f60d39626764996a7f6bcd8a
num/838.aac	5794	a179ffd0c6a4e12eebbb7cd21c1b1ab71f7bae74312316c727f4b880af0ff929
num/839.aac	5443	46df4aa973fc4e0e3c39111310f533be112a534f436dc583cb8d0efce997ed50
num/84.aac	3922	8980b008f6ad7998d31ddf3257ef85ba1d8372e4010c1769c8652d0fad98449b
num/840.aac	5347	3b23703c314e245dad324ba5d28666d6fa9149cedb62e21eba62b90826802dd3
num/841.aac	5913	64f96e1c450d001809126226a1bc49d5f915d7a782be9d2788a61a3ae28cd909
num/842.aac	6169	ccf1be90d60944871852f001394764d7d6c43c483940043118993caf8246ab9f
num/843.aac	5532	1b93a1daff19ae7bd71d886610d10643ef85ad862354b72fc1fa31c436a1cb33
num/844.aac	5689	d0326bf950fc532fe2360e0bf066f582438f0ea2d0e41a99a5104d992867c288
num/845.aac	5763	43d51a2aee545a957da54319189f1a3c4cc02d1ba459ccf21e92be3a19d05442
num/846.aac	6756	5bc6f4e6b17297c2e4c1becdd21554c167bb72afecacb3d460e87c2af289db22
num/847.aac	6589	5d387d4ae8a171a740b0761dc3688b2051f4fb63f8eb917353bcdde6dd2d2f30
num/848.aac	6797	64d2f7e914da9dbdf118b581c8f240fcc312d797e37e018f6f9faa8e8e9274a4
num/849.aac	6832	5a05d89cd5d6cd19a7eac8d64a17013394c8000202c1fe0b5edf34a3be20cfb4
num/85.aac	3872	d420c89eb087ddc0042102260ccff5ca9afea9b7a21a8e06704d171b2b239f49
num/850.aac	4619	92e8ba61d9a2de6b655849ab20dc90fe93739950565178eeace5497acd1d0584
num/851.aac	5531	ce4d25309940b400e45b0394937f2e789d61cce233a31b8dabc90d93d3b1b6f1
num/852.aac	6046	d1366c156e4b2f4498fbf6fdabb8caf459017902b28a7969aecde18772ffd4c6
num/853.aac	5899	c4264a093eba91b1da171727f124bfb8dffc0a55fc4802708b777d7bbb501229
num/854.aac	5640	5d2c9e443c81edd5d45b7b57743869fb09e3d05c05cce1541701e2c1e880e337
num/855.aac	6076	cab7280c0d8b8395c857053b916fc7417de7cd5490f2ca8195f36ee411549b69
num/856.aac	5983	a0097a0cde7b2993b6d3fce2dcfc0cf2739e4206d24c0f539d58e1d3afb2027a
num/857.aac	5810	6fa67ed089d4dddb2e4f51e6c4a93cd412bd4f22c7de45821f10cbcf7e27af14
num/858.aac	6302	65032f26adf2257825a1ca5e5294a39bac081aa9149d9cf892e59a08ad639ea4
num/859.aac	5699	fb15fe8cb7c0713a42d3bb00adca5afc4d378309e3148562dbf7decf1489387b
num/86.aac	4579	37114a6f95f1626bf8d3ba7fd279dd47f44d29596c842e0e4cad9147b8ebc9bd
num/860.aac	5473	cbfdc24fb448a81c10aaa6fd9c33b8e77c16d63918c4f8b4716f84a341d463d3
num/861.aac	6232	ed32a25b05e721a831bb7e841210e7c825e692f55a55b6b284282849f2d54e1b
num/862.aac	7076	9505b179dde5f9fe8d4a4c712a8f5c63273c063fa4c10576516cb2f2d9496c43
num/863.aac	6284	23aa0343ba71f750c35517143df02ae56cd8fe9d3e67b040708211d369d450e1
num/864.aac	6428	bc8ae0bafecd70dc8c05a83823fbccdb82d83825011d32e39608b93231049685
num/865.aac	6346	afd7e9be2f069449b943d85169c425779553e308a09422d7a9323ae7664f75c0
num/866.aac	6451	f85b65d0e7681f91ef0859528b51412ee892fee38f908b5da3e55043344456d5
num/867.aac	6285	dd954b61a489812f9768c04357dbbed8d3d3b7dd90c35ba5075720daa4dbc433
num/868.aac	6224	00e1637e74d672ab7d5fceff0d562632d7796765a95fd14fb8f7c28d89e6c4f3
num/869.aac	6334	86dab8c1d3c80d827603195e49cd3c80a9edb2205b71b43b33738b13d12a4809
num/87.aac	3997	6e669ca687f9d82f96603ad67a60bdcb5a22173bc56d5e392b6a922bfc032363
num/870.aac	5571	99ffc0f503952f42f2df57bd8a438ec3ce781a17eb84306cd86eac9fea60839c
num/871.aac	7081	ef98fcb6715b7f0ab30273b0ef3d472b5bc2db3be82e5a3d3f8c7e571844103b
num/872.aac	5807	f1024e3e028b1b77756755be640a53f9143591679da342fd81808b983d1bbbdb
num/873.aac	6014	ebe88e265bee5c929a7fcede22cd8e4442139f0afea97afc3217e950f5fcc60e
num/874.aac	5307	da41b078b33e5e1da9502ae45be9adcde12d30f840c97c50acf4e7384534e60d
num/875.aac	6076	de7504e0882c9c8333339232c12d8b4e0112a44291604f6e6711d0dc61b76368
num/876.aac	6761	cec84e6861334553e72c91c778c9a72f8bc3be0e313f5abcdfd21d6428cb82f0
num/877.aac	5868	47f34a49a4c8a3a0dfd2a3ab20164880095217e5ed8e8a981b47ca243a9fc3bf
num/878.aac	5244	f3bcbb5b7f519040a698463663edb41eeaf5753ddf30c71a39a5a7618eee2080
num/879.aac	6346	0da7055d0bf9d456c8d0a8f5e127e3e7c21081369610b7bf4c7490fb4f589eaf
num/88.aac	4181	b53c60426451a3592e123147b2c95326f3373068db5fa8f0a520338be3dd6abc
num/880.aac	5784	90ab4f3a125d8517d47f480141f928588d9f0aaf7356f130f9f95ca4d172bbd5
num/881.aac	6704	14391e9c03a206f4900f3e7692e93167668c2c2841959f233532bcd77ae05d41
num/882.aac	6920	0448c906758e3bc3973d0843cdf7913159d390592b199ef989f879c3b6e04eac
num/883.aac	5915	8ecdbcf085832449e2812e22bbfbd0bf164db70d86e84ac6b1371296221f1f89
num/884.aac	6739	1b54c71d765f82bf06c7dc9294fb83cc264b039befb08a21bc6d1ceb51482c16
num/885.aac	5613	6c24ec7d18aed9e753c8073455d91b18557e28ec506cc81ea0a44a1aff79852a
num/886.aac	6774	c0337a97661c7aa549696e887512be939802761830726ef2afaf4cc9f284e544
num/887.aac	6138	c4be76cfb787c73b79a5d54a4fb5508aad711a4027915f9f42766e618efbc17c
num/888.aac	6012	6bd811cb578fdcdebf13cbac38c06961a14edd49622efbaad8fffb7c08a8beb1
num/889.aac	6238	f764d99d84b42ea942b030fdc3dfe6bb28d8408e0ec29a7c623891af14c3f580
num/89.aac	4184	738db3a7f0c845436e6e877c096d69fb8a6029804f11fb193af0505a41bf75f2
num/890.aac	5028	d545b70f392e3308abbdd76734f585f827115fa94ecd5668e5dfa902c46c554d
num/891.aac	6519	a8f0f8f7b9020da364a60575c3362e3986fabf3f891ade2e770f384ff8fcd270
num/892.aac	5522	582af1964e675ce7e21d9a58af494e7bff9b85de7f01a725c67c7699231d1de4
num/893.aac	6232	c22672ec0bedef5533d8ea2848ec6f073b9583ddcce992599877d4fa08e50399
num/894.aac	7250	55df8eb7f4eeaaf4f845f47c972cf3b048f5d58668a622d617d60a288734fd3b
num/895.aac	6175	94a44b5dd648f5fbc86e5815d54bb28cfc9c843d359d2dc7efb40d898c2dfe5e
num/896.aac	6588	70027b3cccf8510648c7d553d60fc06cbb5c3fce5d24c9805ecb0b670f44c228
num/897.aac	6202	ec61995eae1c9206f8f713547fc11b5b9d841472a43eea9264e7268b7b1038b5
num/898.aac	6103	ca065d528b8773a21fee8828d8daffa31c2baf809a78469a2d82ae1d560718c2
num/899.aac	6316	f37366cb4e7d9fe2d60a9a8e698e9fcdf96c926476cccdb2715dee9ab8953b08
num/9.aac	1680	f1f9d6508bc75e8d49b201f3efa5c0b01aee89bcd17482fb388c3f3a7c719548
num/90.aac	3211	b6cf8a0d43a0be50e236de4e7ce0371c18d3cd6cab34e5619c086012084fb383
num/900.aac	3129	fa044679dc6297a9a97bdb7dafb327ca9c06022f8222b447932d542ed102371b
num/901.aac	4485	e97fb171b56e5a69b2b44a6cd1a3a1d1ad5af9523c40209e667b40e150b27a13
num/902.aac	5210	2065328530e22841622fa7a608ca93a846931b9816ba81a021e71f5cc9b48a0c
num/903.aac	4335	0a41907845fd8d80762059a0ca8686f6d0494104da96060e224f0fe8922cd623
num/904.aac	4335	85c3ab8ac459b28684077fc2412f6a6bf059eca07d85e35761c9bc8bf11c1bb9
num/905.aac	4885	5a31fdc4f540f18e4d4be709ce16592fbee04fe360be0c80e3d2beef1b469229
num/906.aac	4867	934662c2dad3fef5d273fa66d74f99b91c111348ed50dd7b392c28aa9d581c10
num/907.aac	5186	7807e409756d46dfa03b463dda8b3c34d46bfa8e23785f2bb4b042b59d8de5c4
num/908.aac	4746	de6e8c13c44a7c51b7693cb254bb60f3455647d389491f6214081a043144c27b
num/909.aac	5010	8bb3714eae28a29926c5ad973ca040defb4c61aeed5bcff82582f34b4034f825
num/91.aac	4473	c2f2e53c7413e04a756d5ef1f0ee1c8600afc546f6df96a59f9cbda609b1d959
num/910.aac	3535	9f8be26d7b1bd997f11b055c16501301afdcad0969593be4635827afd75073b5
num/911.aac	4334	6307cf1e9826679f84402b79bdd3e851e5cf736f8ccbae5c5879a453aa90906d
num/912.aac	5729	df9c5f2d69e93c2c745788124f8463fdde27555e7520269d2a53bed230c52000
num/913.aac	5051	519b816ff048cc29c659340de7f818b4518d4a73c769c6bab429f5784aa92dbe
num/914.aac	5301	524be87d1c58e433d35e6678303a56d50aa3992d22fe02c08805fd36aa464d9f
num/915.aac	4719	037c35ffb8f2840e5bd78de6934138f44f5af9cdb2943718c02d62f48bbaecd5
num/916.aac	6436	3462d27ed6334403e242f4bbbd3215c745938ff17f02562e080cba2e4f93c3f3
num/917.aac	5073	bd86dd0b6f45d11cfc9b5d80744a7360b71dd4c18b14f267043ac5ec47d57002
num/918.aac	5293	5d644bba2552322dbbfb5cad1dbc8a36072b8815c765e5150c9de5fe7bbc11ea
num/919.aac	4962	361862d76c3bcc39001b57af2257a8b6ae127041395ca818bd141188f4bb73ee
num/92.aac	4080	cf1627755fab07a511c5ec09db52926887db41ff5cbe0fb78d6aad08fe3bcc6c
num/920.aac	6173	83990f43a8588a0f86d8cd4bfe9ac6068061a9c65b587a29dd1a02319518e71e
num/921.aac	6260	3f05bc8581310117e569b993de2eb9ae93c9ce7c3b6c09532bae2b50470665d1
num/922.aac	5903	727e26511060df71a7701087420b46040c256e191528029afdfe443e854e5c33
num/923.aac	6088	09cff1fac9409ab03f51c1f299e6f0b6e7ff69dae7b451fce280e5a32b896d8b
num/924.aac	6582	cc630745a51ac0b7717c27ef58d9965b587cb40719bc8031cbab5f7405024af2
num/925.aac	6214	eb01f189bf8476ad4dec5b5f4fd6e7e2b0100916ac60215f67000606f2148f2f
num/926.aac	6178	053cdef3e8f8a016bd7f43450f24621c59bc979b84af8bdc76c3d656cb5d3c4d
num/927.aac	5941	66de8a4c33345b100f7f695810d60c98027887f2aeef935988a38b915e2b15f2
num/928.aac	6320	57dfb22edcbfe0b4f9a70524d6fa60cf31a5141a95ac33c0b53487567b478fa7
num/929.aac	6789	a8e52b352c40713d18eeb93d36f08837742662de1367f9eb89ea5ffade9f1e4e
num/93.aac	3232	2302766c01217b85c17187ed3739917f7f8ce3799c0d54172bf3a4618f247e27
num/930.aac	5568	0b32e810e29b0377857615461af11feb1679d7bd92974492ac27a55bb2af5f96
num/931.aac	5562	43e234adc2f10a46dacc2eba35fbad97d3bf84f8efd3b9256e76b21924f5810f
num/932.aac	6163	bf41515c22468e863062fb931ae91e371953e379301fd755ac9863998b134770
num/933.aac	5903	2a5b0d55edf602459a7582bca7e205260af8bd13ffbb14f7b4bdd76df2d108a7
num/934.aac	5760	a8a778d9291d18d76170afc2452454666d924d009fff52490376b4d13fc259c8
num/935.aac	5260	a2869def63bee9b4e9763793b218a8eae7cea3efcfa9498614e00e0fd7a5c119
num/936.aac	6350	cc360f88e4f8b262825bcd1136157acffb8eebaefc1e6e342558ff76f931eba4
num/937.aac	5628	514acc733df2c103d63c87ebbf3b305efbbec6df0db7c6ddb9b1110880154f6f
num/938.aac	5867	219fb49354140d4f3b6f64518181b2e0887c6ca48e23a2e7cda3bc18f4c7d343
num/939.aac	6229	c58517a973f4afc86325977df66a245821ff3a1211ad6785158cc2888dd485f2
num/94.aac	3790	342e5d6fbbc119f6c77838f693fab30268b7c2d05a4596f3c45b6e2c323d4cb3
num/940.aac	5680	980a2afd1e15ba8e4aa1a130fdbaae506529f4bde1273e80ca8bb0915e097661
num/941.aac	5780	106cada4858ba17e745db6bee0c474e3008b210b589c8d21ee85571bf33e1578
num/942.aac	6445	a581e55e4566a837aecf1ee2b952c2b15fe906752b5f1af1a2e15603b14e1c69
num/943.aac	6378	aeea668c8bd6fa333cb55d6fd9e1e1c59e009e6f24d00a25eadd058e5c4d1ff3
num/944.aac	5708	297edc3d708a3163fb73b8b87b6959d99b7d283c7cf15f1ca2192c08911f0e22
num/945.aac	5569	0ce44418db4c37e439d02c7014637c277100020e6dda0092f0fa05a6ef5ec893
num/946.aac	8123	82907982fb5aaf6ea282c48926ecb141786a6b986e818c911da56516794964ed
num/947.aac	6055	70fee594dec6f6f68f7b27af505ed3588b114f5b701bea90ed8866cf5240cc87
num/948.aac	5936	bd4bb1a7d44b4aa3cfeeeaf0957c24019be7156bba7744112cf599c13d120322
num/949.aac	7122	7bd3b526b708b9c2619ad39f5a1718fb6c8ab871a8b7ecbca82849b0e7a03b2a
num/95.aac	3769	892d3332105715a05a0222efc6a23e136f7c2e2db995ca4695a6fc74b35b1f90
num/950.aac	5266	2c58bfad7a983a2abad009f097fe33fbd8daff21fe22b0420cdd9f0d687180c9
num/951.aac	5632	f2ae2fed397faa9cf7dfd6e247556f8ed5b57cfdfd285000d8987e546a6a0ccf
num/952.aac	5736	4b4ff510be07594a6f5d4b473de6392141f4bb449093b89266bba413a0db2ef2
num/953.aac	6209	8101c9579126300fdf074d5323b6fe4742b3384c66653190d051d735f6de6dd6
num/954.aac	6185	ab51371e7ab0a5975bdd63c6210632af69087a89592ff4cdb6fdb8535e8dab91
num/955.aac	6176	481019cc156d280221f16932803dca0f68739562cf354864b7aba663e6ae5c35
num/956.aac	5489	ff11330c6db742dc6f781924cf1d4746dd2de8177c9855fdd3d87e4afcff5fa6
num/957.aac	6280	46074fa68edc155f87259db47b7ef16e06496b647f5ef680b49ea114b335df6f
num/958.aac	6539	84a8223e57e7ee91717608cb2322e7d6c6095591a72e70457f3365f178bd46a4
num/959.aac	5548	63596b3657ca7620600ede87f6ed2592e5080484b84b3937a3f8e1798622aadf
num/96.aac	4787	26a0749562ffdbee0609b811bc25777ab99f6bb9524b56b9aa5914e6c9e15081
num/960.aac	5792	64bdf9f8380741620f498307416579827abe5ddcb2b9bdae2646fe961ef04cfb
num/961.aac	6705	f0dea21dae2cae6049b10d7956b179ff970eb8d18b3e9a8976fa0bcc790fafee
num/962.aac	6815	096685e3bbe3eb2f6502d1428f947fc94a15c1bc81f126cee50b3705163b58c2
num/963.aac	7043	b9783fe635c52db5c66421a02a4a903bf8a8e674589eda8844d49e58d0a68e93
num/964.aac	6095	ce8370308ce5c3b4fd8d053376e354a4173d9f8f746ec52e31e3a93700cd64b9
num/965.aac	5929	9191cb4a045ea8f3caf0334c2b33e6c92359d8900bbc9feecba3429b2ca2067b
num/966.aac	6966	80793ae16dc8f6101e813133e71d8b0002230ee1dc24fb852f60826978e68aa5
num/967.aac	6632	0a8081181f1a499d911e3aa3413c7ea7415df550cecab6c07a260c0c39c1355d
num/968.aac	7500	cb7d213208b0892ba2d9d5c5e20e172b69a11295ba28163e92a6afd28605d89a
num/969.aac	7870	f7ce3719432890badb6b0b8b53b90f11e090ab8be0b461a0094bdc1c27819468
num/97.aac	3352	810c114f7347060c23a55da2313b3fcbf5145a18ff774e73999a1c099f9a8d8e
num/970.aac	5068	45ffebfd69f20044389d653953373358d87d2bc53b0f4c3a2910f161b34e47a7
num/971.aac	6485	0dd1c293cc8934b9caa3cbfd911e7442d2838f66b0311b6e6eaef89bb33782d4
num/972.aac	6449	5bcb83f731dacc9f5ebf33385ac39c9fe5078047dd03a2e9b65f31694d1dc2ba
num/973.aac	6010	98a03158ce3f8d85e52e1932cce806eb61e384cb279f538185d1e03e39e70bdf
num/974.aac	5493	3d56d9f9085f20aa8a39aeddd4072bd3b5c41c11704b8a1468a8a4118143785b
num/975.aac	5818	cc6c3a44e453a32e6490ba4ff8ebdcc8f82e2efa4d10f0399d1523c5cdb3af54
num/976.aac	6287	e2008b37ba7c7e49dd2edad90cc0ccfce0aa096493de3d0cb027d7e8ce5b5c34
num/977.aac	7203	81a9d0d35e6de44746f5274d55f6d0dd8b5ab046ee8870a7e755f34c36768cd9
num/978.aac	6304	081f4ed349e84eb785429a356953c0aa754063f8268b63bab6ab5a2e02476810
num/979.aac	6059	0be4e7070ea4c634a1b986a3e84e3b3173f4848a38a29a7cf19dcd423a6428b7
num/98.aac	4064	dbbd9cceecb4d04136a56796733bb86abaa49a6ea9046fd8bae63c62c93ef0a9
num/980.aac	5539	7e445180ecd5956c81b08ee8ec254710694e0e8bab4b95322a09d0e381e108d1
num/981.aac	5846	70da4483f37178b5f0bb4312fe800f39ad98baed7b924693fec84cea2a821930
num/982.aac	6369	868ceb932e6c63153960bcbaf5ae6c579b04b12fc1522a722c767f3ce1b3ece2
num/983.aac	6410	ae9a1121a3aa08595b43678019175225d51e923804d9fdfe5e1883d1d7f9eb6d
num/984.aac	6274	47980205313ca09598dd96985b11117b18b893ea2596efce2297cf1c40a22bc1
num/985.aac	5952	59477969cd9155ddc226e916c40bfdc9953096694fd1aacb670530309491f5a2
num/986.aac	6942	2254f0b98323a0f70e562bf86c8f78425a8c6a0f69913e9dc6352ff76d6038cf
num/987.aac	6554	93ccf64e0e8e5076de81f141bf2416c4deeb9d5a79fa818fe7544f889ed84e3a
num/988.aac	6525	c78a9af6101f1cbb55683c85cd5f6b6eb8241d5dc811c30eaccfd44506fd6599
num/989.aac	6318	2d58ccca558ecc780336d57e1b42a7d6d7b1bb514705e7a8dfa55b5240d25966
num/99.aac	4833	4025253704042af261b885a60f49577a4199f755ded1d5920573446842ccbd80
num/990.aac	6367	9438508cf37d4a99e827595083a4c26cd03560e7cbd2e9293e58b11cb7572a63
num/991.aac	7487	c173d2118e5458711f919bf5ebf9333630414b759773c07f4b01550504dfbc28
num/992.aac	6330	b4aa38539b73e2e5c0c58f7057475238c0dac831beb9de0065907a67bb04db7c
num/993.aac	6499	d60948b5d00782172659d75d811c5b91101b704178fe243ace5866b6d069df9f
num/994.aac	7227	0409ed38faf2314e6d599824fb63c2eb47d300a9799ac550c14b688d8b1e4278
num/995.aac	5923	3d65a46ec11416aeafb82ca2988d249774f9571f669f4d5d31259ce7e38b50e3
num/996.aac	6688	f750d6f5bca1e3bb090e01e8a2dc6a309ff5ce34e7b892a315a8c02a650a1c66
num/997.aac	6623	71c9aac49d477800b0f2911a8dc5c27df9e82d0417e0f48d78799545e5ea2d73
num/998.aac	6750	c5854b4ddb812558bcb4dcf5985fe1c66cccfbe49bcbeb492c36a4588911b0fd
num/999.aac	6650	52a3b3c0c7b5670e3bba2aafa76369af43b0ec6171f44afed588490c4c3883db
head/011cf70b28.aac	7325	aee565385fb1071eb301cef11b91927cfd08923a8855df17f72f6494c16e0e70
head/037fe9dbe1.aac	5441	7eec77cd167d716b2802dafdc8526a670feab2eae828d796cc9e6742aa0c8d5d
head/03dab06ee6.aac	6422	c67bf2ffd1345bf799d204504a65e479961c5a83bb8dcd48118498b6e21fd0ce
head/04cb888210.aac	4867	a97ed45b43ee67d75ac0b9d3712d6e62ca0f5c39b3b088a414e10046c7ffe042
head/0e576aeae9.aac	4697	feed5c4c1ef179d1d123989235f34389338fcf2191018d6538315e3bec49293e
head/131dde2416.aac	3320	91d579d09c99cbe833ec5d0b882b83ac08bf72394dc54f76439ad9bf1f2e76a0
head/1599d1a2cb.aac	3608	7587217a96858e3a09bba628fb4c8d469bdf1666914aa2e4ea77f582e3a19851
head/1703d86233.aac	4670	6f6d15938c5fb301aa5691d382fa0cf485d12969f9389de116b0e8a08f167304
head/1993766e01.aac	3589	2c31b6c001a6f86e830146a526183ec39204947f0c1abfd2ef9a17f366116dd9
head/1f9569d61e.aac	3016	0f4bb6ef74328a77f8311d95bfc9b54342d383710124644474181d2b2cc1665b
head/21b19b3658.aac	4509	2fc4c18745676a664bef04fc4b19425103b740e5a9f5388996495812a1af9d48
head/2218cc17a8.aac	3034	c41f8623f142d2a16f278eae03ca5d88b9fddc69d2adcb71ec2c30209f8e6507
head/230896e96e.aac	3857	dd1b814f9faec33673b890f8a114d3c288d18d5bc9c31be2ca3e3ebc746fa6ad
head/2765bca603.aac	5993	c8c16d5a7d6d9495504ea26e050ef2ddd90513c77c5a904c595687d7f7938b1f
head/2a95e20ee0.aac	4895	b3ffad786157434613ea0bc4749ab2aa98df8e6190fe35165669ce6dea26c7b1
head/2e4cf81f3e.aac	3496	590d4840e49bac5abc619a4cbca128a0945897d66794e4c9d5221e43eeaeee84
head/2f3e0148fd.aac	5379	ee4763e64ebc3ff7489da5f6336ff865aa169a0d5ce60f15487ff1a8320e4d58
head/2f3fa1e8e5.aac	4713	e1d71082e38e435498c69d4a42118094d015e3b7ad9081fa01a07345321e2aa4
head/308ec062db.aac	3549	d8955211c5e14140a21d11605e3034f93a7d749a81c0ca5abee5e9752394dbd6
head/3258b70bd9.aac	3621	3ee6cd6ed6b42a1738b1a18bb2fe312d82c8e8581b01fc7c1a6e014b0727e171
head/331d6b0b9b.aac	5353	dd86433e43c193dd16257bb2fa77a436417821001a889b9c5e3987c7dc1bedc1
head/341c7d5df2.aac	4247	720a5f9394662d1bcd3ab31e730ad8191c37770f9295dd65babfab88db6a2b25
head/3424b4dc27.aac	8598	a68cc8a09f925423804f09d0b4b112e347569bfc333fdde813868bbb724031d0
head/377458686b.aac	2822	831d07b60ed79f568b7107dc9cb36361ff8966038111ccaebf902762fa18f297
head/3a7d14d54c.aac	5314	10bd3829d6464ecb9db96f10c0c72d4b1767a2f23c27966d79d23622355dafb9
head/3af4162763.aac	5922	86befe34678ad0ada249cb7da6827f6c34221f4b6408d0629379b5e7c15ded94
head/3d3503b734.aac	3266	ab04d2fcc67d5259011dcd937f946bda4ae9f83fdd6f4950420b6e2a16fe916d
head/3e0778ebaa.aac	4645	e48e83f3234b88d1e49e28329efe3ee2abd0735b29ab847ce4ebc8f387752dd6
head/4220c0e52e.aac	5107	617f1cecc5b311b099881e0671b1aeb26fd11ecd13f635179d4812ba231e20d5
head/445f2ce0c8.aac	4923	dbb391ad84ef8ad90bc7f0399572812f29a2e7235e96d6a0768bf91efa17a6f6
head/491402f696.aac	8052	54463a22a8f0003bbd787515cb8d2f9202e10bfee612ee67572357dd7560d26a
head/51b47df4c1.aac	1949	6cc6cd25e09294895222cda20ae6cad294dab539e3274d756cab3ad025fe0f68
head/51f62ca0ad.aac	4112	a127d235457bccdcd7ec49526262cd36741ba76efa9d10553d9da1e32897a7ed
head/522f1902a7.aac	4691	84b8c2a0f86ac156723d4c51d06ea0d5e36db3c798f515e4ab3e3f4bd25fa532
head/55798cb3cc.aac	3598	8df482ac463599cd876b9d9bb001ec618acd61ea2b99cf61c0dd0b1e6286367d
head/5606f6c6b4.aac	4396	4a6518c1f7daf06c274f73e374a2ebbd42d23718b4cec2afbfebd4fcbe64e4a6
head/563453cee7.aac	3904	075cfeefb98ea95535b674760347cde5984e7af92164ea83cf4d5cfcf8f0b8bd
head/58812a4bd4.aac	3193	b1d5815183974c8f48086e0cbda75e6565a716c0f96a029200fc6fd5856cecf9
head/58d006930c.aac	5960	d1d775be95ea5cf30a3cbced03051aad9f8a42d8c6ffbb8d98db7e4fcc9d8d8d
head/59edcfc70d.aac	6686	540bc34beb6bbf3406bc5c8ece5c09eee8a34d96656b7f12c5643fe2eed04c80
head/5a2aa6b3d8.aac	4832	7de083ed71272e6172e1f511440ff48ecd225286a93b81263b7f54cad1a7e560
head/5b03b89981.aac	6092	9551317dfca919911d5c620d4d9ea3cb18c84b49a9ff32357dd4706ca4a6f6b4
head/5b99b9e7b0.aac	5294	79a992afc6afe5817b1ea4e2f3e108339520f8a91b94a56f439800667c8f04c6
head/5bfbcbc421.aac	2047	40418321188d04ffd2c5a6b20c7b59ee214c6c416f2fdd2a9c05efb0dd6487c6
head/5cfbfe1790.aac	5865	7f4a2a8e4944095d9a4d6180e94a80f33facbcc971336760d891a587cb81a59f
head/5d08f2f721.aac	6196	792779da2edbb396d701ff7049a4a00930252083228f6af5bae83878786bc339
head/5daa309d64.aac	4491	a0cdcfc8971e13aa6e27055617150801b45d2db56cb236f143812395164af46a
head/627f926d40.aac	4297	bc6180bce0a9f92fe2580cc00e0e7692a5dc5b934a339aff66d537dbb0c6c3a4
head/63f2e3b687.aac	6508	e73ac8f237008261c5201206480c8d5904d5abace493b74ecf2e60ad46526d3f
head/65e793e758.aac	4475	afac9329eef6df9731a907c0f1b9e6a9863d612446139166c98a5feb3efc0abd
head/6767a6eff7.aac	3473	46159087444d3454a091525f7307ffa2466a909bd4f0c7b4fcc508f314d4e5bc
head/6aea707cf4.aac	4322	bf4514f2efc85d0fcc0f509f2d47366eeddbb657acb0938f37d17d446a939715
head/6cfb2455e8.aac	3958	0d7b1af988517e46baca9f4e36197c9eceaa8da2fb18e249b6dea350ab76ece5
head/6de467ba87.aac	7711	d529f84a77e428ce5ac91f91eccf964dcc4a10ec5783cbca236f777f74a8d614
head/6f4cfaab43.aac	4671	bf62e2abc24a57fa06447b01e798f32b714e9e6d951ad2c9fc2a08b26b696081
head/6f87c38cae.aac	2737	8f472cbf2497349de0eacac3754480c207046a12f8a83d92d6925c7873132ad0
head/7259641e68.aac	3734	7dea5a5afe415708875b4ebc5e04338982a995a12601614c0b2adecff0b2b607
head/7287fd3ffc.aac	5801	644e6bf221e25619997dfd5995050a16cff6850132c73472801c463e00588dfb
head/735b50eef9.aac	3474	62ce4afa52a0026bdc4603cf008ff9c070b99867e118d128ea1020ea1a099352
head/75814ebeb1.aac	4284	c6f1e5371145131d64fe6a0bf533c60a5552c59e2061b5b9f0dc6e279784d03c
head/7625742376.aac	4822	d11ffd50de079676551b458a575e3baa76dcc83b0f147fcce3f85d97bfbe4a30
head/77d4a3a5d9.aac	5001	4ad2f3d5e4e1b74bfa8bc683612b1cebc2d086b447d4922c6463fd329712fce4
head/7b2e980f8c.aac	3514	05b403c829ce317afd3f34f776580799737b842379493959460a1668f2b14792
head/7fe069854a.aac	6523	a3f4c30745c3b2514af2f1c00685f8fda56743606991ead10d2157bcb07adb58
head/81bb51e3b2.aac	3377	925a26390fa75019adaa186a819f79cd5b2e8d24cd140b974cc28d9d7c2124ee
head/81d738dccc.aac	5876	b5a149cf31ee326d7a92b497bdf8218f8e2527306884217422e7a0a1cc672261
head/846b158d65.aac	3096	f3efb9d44d9c0cfd1b4bb03be3b9b07c9baee7eee1d4988a8c376d45f24d1279
head/84ed74724b.aac	4214	2f9b25239264a37814e9283b3359b4e372e967d472973f2d52ed64549ba2b073
head/87c991b7e4.aac	4251	a088df6366f594d4a56118a2371ae7418ff3032f199ba5bb055712737ccee4ad
head/886814f2e2.aac	4704	0d7eda422e4c48666c1814450a852a4cf391a0eaa97f8f10ade2c1f910f550c9
head/88b0a4b1a2.aac	8107	b0f3c019f3204456b359419b4ff10f6607f86db6f3214b1cac21b447e7677de1
head/8e9fbd6ced.aac	2874	537b6935f0bde84f6fd95b0950caf38edb200ba861574de96728ad61dcfa54c5
head/8f56f692d2.aac	7008	90bb171aae77cab6a91970f919f7f80462bc0c57d11c6e8258529eb802995fa8
head/8f86052896.aac	5811	aad2f25aee8f61d09171fc1ee1c3db6215bb3d62bc0a1901567c3f7cf82a66b3
head/96b6623625.aac	4109	3740037d2f7c3450ffc5783d6beb654b86c8a4348fe2241bb76483c8935a8687
head/97859bb667.aac	2069	a4bd05e55a362d163b759c91b70694583f7f08d2f636943303aee51a5ba6bcef
head/9816646c5d.aac	8310	fdc5224124bc8163d139b331cb0b497cdd76de9264f261a4dbe94d2eb91a85bd
head/9a2b8f7607.aac	6050	9ffbe2e0239cc8d2b2660f586231ccf093228328d4d34f6da2ebd21fceb55f1a
head/9dd27dc2fc.aac	6500	6589e2e5dd2f4884fa299ca4a79b280895cdc335f28020be07e6b57ced1f3014
head/9df3ec8f61.aac	6598	8902bef193bbf927a3e138b54d03a46483416e9d79555ca1e176d5c0c6cb67c6
head/9e83f6fd1f.aac	5393	df96c09bd87ad598c14d617710c493245a076520833e8d7d7720f4cf8407fff8
head/a181c65194.aac	2429	502d6abc85f10ddf600c18ff3984a06b7dda1a101032d9b13ff38b125b089f96
head/a1bf976cd1.aac	6143	1fb87769def4c15ada1955be9c3372f0a1b0dd76c9bbbfa62380fc499956b600
head/a1d6d88232.aac	1673	2416f1365fff57f33f1c3b43d68bff70ee1372fb1c5941927622ee8d2f99b3e7
head/a308e13482.aac	4919	8da62d322d58d8065ed188a09eaf8a06620bbb45df1abc7a23cbe2904958de16
head/a3d455d9b2.aac	8225	16796123113aa040919d655070d56accfe7156ca47e8806fc5e1757ab045a025
head/a5cf010694.aac	3308	dc4b116d8a2ebf2a70f603ef9cfeed8d6fb8b4692e92dccdceebf8fa11ac9c07
head/a64c44874e.aac	6444	65623093ec88289d40f03de3d2cf226aa90e59afb0f047cc6d69f9c36727bfbc
head/a70e9567d1.aac	4618	b9d62dbcdb2eb1ae10e772341aad35b786849b0ce8cd0b7c3b28cc9febe45644
head/a7d5746ebd.aac	6193	7d83b91ae427ef19a3632e3c58ceea34beb09232feca349b0aa39b7ad69e5a45
head/a7edbfbc80.aac	5990	44eeed77f9f126c6a03c247d88ab969e5205532ea647341ef6e0e26a72cf0b5a
head/a86bea1444.aac	3350	d1f0ecd9c43675ef984551bd665e150718b3172be79b98bca9655fabc4b47c66
head/a97921a224.aac	4599	f415b8593ba539b6e723c910fde79cce755915f98b8d817c4ccd18aef1c11296
head/aad6323c36.aac	6875	6bced2cf1e2535cf5987e2fc0c1e3629683ee01d47d64d236a4a7840f22b577e
head/ad7b02138e.aac	2904	1090395fdcbdca30c4732ba7536cddad4d235d71b56737ab22f81f7c3af706d9
head/ad7d8b3892.aac	4333	2d2c14be4f0580bf29412b2670777f141bdaa4626f26018a7548a78d6d2f0f6b
head/adc930a97c.aac	4492	1557bfd005f006d3b020a6b7f6346b70f3c2b5f08731ed31ca475cc5778a9cee
head/ae7ee8d2e6.aac	4375	c277d7744a08f36ad3ece99fcbd4410b01e9baac986aa85363c27f3621b2c53c
head/af9adf2fc9.aac	7403	776f89b1c88ab5217f0caae39c5b0315420b2c46ec77fbd25857582303ad4a79
head/b37d6962c3.aac	6323	5604f3e5d602cf8664507dd5d39e6027c7fa7b7a007863de7bd5f90da0ad0868
head/b75c0dc9a9.aac	6160	8f7adbc4bdcaaee01629e391ccc9e642fc440b769917c1ef4b62c768e14c6bfc
head/b780c94780.aac	5312	3488a2d798adc0dbf23f695c782575dcc899ad1f0e3d8a8044b1eccecb364d18
head/bc320c2530.aac	4605	00d8cde83d7d688fd2ba3004063a18e42fcb444a489764e0ec1135dc218f98d2
head/bc86b945bf.aac	4208	53ab0944c3d63c1f4c24aec5e2b1a32ccdf6daaad6a1701a63994363fff3b811
head/c077c4a7f9.aac	6042	6b4dd87aedf372eb4febc35825890b88d910c4e8eab418f45f210f6a5fa1851f
head/c10c90858c.aac	3326	78635df6da4375f10bd58093a0b7c37ef156d88ab4469e3a819ecf7ef81cc225
head/c601f45c05.aac	6367	2d086c70a287376099a825b6b6bd39a5efd2f20721438a73c8845989b0571f49
head/c6f16b3156.aac	4264	710e75a6df18a8e11cf925fcda4f8af5829aa11183473bff9a93692f54f2cdea
head/c75ee6650a.aac	5017	8c28cbeb77e70498cc240d895ddabb18bbb079a0a2d4f0a86d79b6d4f044ad05
head/c881783c02.aac	5080	57a073a29cc7b3d30a564dfbb276d2032596fc397b63897577987fd131f06e75
head/cd43feb0d3.aac	4532	309d828fb6b73b96c8e09eb3cb22c215feba2c52f4dc49613a435a109d415d4b
head/cef1dc1fdb.aac	5523	d2360dcf0905910019673977124ba39601f3ccff8a68d1dd485d549c49c3ee1a
head/d244b3aa9b.aac	6035	720a8aa0e4c58d53ab30c3434f10d4d39ffb67c7abacced5f0cfb7ee9002c32e
head/d3f40d7ed0.aac	2727	211101dd5d30d5428ed984f024f5213d48b84c4e5602798e65f58875cae48c14
head/d409e22a0c.aac	5406	19b0bf4e22d7e04d7f4db27be20022a7681f3b4ca447e3778e0851ae05f4739d
head/d4476b7654.aac	4196	799603ae2552811f042919c20bb50788e0b124504e2d842c152dd8005ab25bdc
head/d88f2afee9.aac	7370	4beaa53b43420e48af4e32588cda7d9785a5c7dcfd0021a5e63dbadc74a88dbd
head/d906d220c5.aac	5285	78f7f8f4a51a13d40d59942f52a2d081436ee31d39a31dcd27b5f4e5b3ca17ca
head/d96764bad3.aac	4385	0c68e594fa193cfa2a746b9dfb7149798f7548c409d6dcaf7f7ab8f6e43bd6a2
head/dac602d7c5.aac	4171	396cc28de682096702f3ba7aefe8f80d4d2af1a15878f897945b78857e5be6c7
head/db78c87609.aac	4596	52b424f8ac579315a6002047c2c783e1cbfbde3bbfeab601995b55b150e36d72
head/de39893c1e.aac	4929	bf62c19e9da90e7f5ba1046781a05afc5cc56b10c46a44c307c1cfac0cae2358
head/de451fadf2.aac	4796	14fa62144316064cc1b7930d246d3edd95cf5fb0854a92a5d383b12f29650661
head/df0b5532ef.aac	4239	039b4cf9ab489871cbfa80ee48d9e390780ae0d441170b3ef78068da4275d309
head/e2c7f86d03.aac	5466	b70509449667c7328a84174c17d8d5ea8ccfc6fddcff12dbfebc69f65034f9d6
head/e38d7cfc12.aac	5826	1cebb362bbd637c43fa85c9e356366e8df28a3cd8bf6340c081e1d9e50311e87
head/e4eb80d8d9.aac	4343	6f1c16c2549f761d1109124d6186078b702065a0627cd7926f026da4e1a30c4e
head/e7cdc09cb9.aac	4862	7f94a4ac483609d13bac667159cd0273253ba4d052fb558086467ee54d62a1cb
head/e8e6c4ba62.aac	2445	f44641229c95da20a4b27997d72d229dacac4a4aa124d57524b87ffe8eaa0872
head/ea332269e3.aac	4417	39ccf28e4db461296e8195916f174567819ca32168d757d8cd790ea7f3e8d934
head/ec6c05ee14.aac	6485	cae5179b39102f3c2fb38813dcf3af2a486f3b15078408d243a1a34426d0d22c
head/edeb4673d1.aac	4335	1d19d3a79de43429626535b394d4a53a659b6582ccca23443451bdbbaf93cf7e
head/efb182f5ac.aac	3290	5b66fa158f3ad90fee60e8f5a6f935fde1ba7919e889a54c0017c2e2de07b031
head/eff068bd06.aac	6091	d9c51f47065216321a8453a2e8d8448bfff3b9bfc0f20c438c7ab84a63030911
head/f4651c1456.aac	2490	8c361bd95198ccb1f58e44c91f2d5b5df1699560aadea30b37e2cbc42b93049e
head/f63fc2fb11.aac	5950	275f22954df6bb70b0d859fd341ce3f2242a73915ba0a977a1fbc6486800bfd4
head/f8bf6b434d.aac	6484	a4b05c5df4cf73811a5478d3df5e523a626db5db005770f251d040a7dc92a1d8
head/f9417aaefa.aac	5312	dd0f95b0eead64ffa04baaaf1c3e3526b4bcdb8c0f470036721a61f1700d8ad8
head/fb14423dc6.aac	5861	77708a9130b7c6e96689f5853df86750d0b1afd848365e7edb03325855632eaf
head/ff2a2281fe.aac	3733	96bea14a1950b7490dff30827596cfce7c343932593c6a385e0472c51dfd2a37
fixed/014eb6b335.aac	10225	e37b93432437a0105e6703da76c967fa2660b1393681fd5627dbcba9c6ca5908
fixed/021eabd1ec.aac	6861	568362cca8dcd0fca81ddcd46109c5e24fd190b149d8c22a6ecfb3ddba75b813
fixed/0253e3ff9e.aac	5611	bb6a43d88f783fadd72c2732bd178c44be59ea9f571a04c259e02032b656e84a
fixed/02ad62a5c1.aac	5958	ef6f268195c7e9941861dafc46ade0b7e4110cfba292833655aecb4fdb7b4535
fixed/0351f31669.aac	16132	45f8a03255b3a7a5ef638315d6a2ad608ac5f65fde215145920408ff11ff1364
fixed/0385994547.aac	7245	29a8431cea2dab8542c75b1a96aa82af06725c885e30c468ee7b4af7ca8af174
fixed/045f0eba0e.aac	5106	1353be500a10958ccba55dfee341d50bccf9d36c8d3e142da67d1b78fa9aea31
fixed/0471783b9f.aac	6333	1bdc0776c771986654bbd4cbed0d309383db207bea802fa62d02dfcef8120b4d
fixed/04aa9c90f6.aac	3332	64ebc01f009837a4f2d90206b4f7d128de9da54c8f6e777bb541d6b5cb530c4a
fixed/04d29e3552.aac	5850	d45966abd9436871345227868019033f3589d987d43023abbd9290e877dc1999
fixed/055aa69f22.aac	12126	229c48d95d7d3758bf1b456e4f5da9ab2dca4baec91b87e6ccafa8ca47825ac1
fixed/05c5900ca8.aac	11306	c6efe1129cbabd283eed1a28f1592890e5b9bace806ba689529dbdadd5eaeb17
fixed/06455e208a.aac	5196	a0a6304b189c27a62af894e3a48277b26188a45d66dbd6ff7950a04572307260
fixed/06c807765e.aac	6172	0976118d40af347938beeeb0174e7f767f3b414781cd91b7fe11f6fd0393a8e6
fixed/07b78fa393.aac	8990	705de10232d3bcdca60744b6ee0c358ada063c277e4925ac85cb34f5d1898e90
fixed/08f93fb07d.aac	7136	1cdb4fc85cf912f8b0ff06c9734f3b3a7395ca976f8947a421b939b2543ab490
fixed/0ad5f90f9a.aac	12271	62376f0368587a3e2a193c4b6e5c925357d2f7dea11605b0d3333b460b345697
fixed/0b7afc3c50.aac	9184	dee84db3e3d526ae29e72af5635ce506fc341e72616ff422d8fe7ca5c3edf063
fixed/0c2e4ea76a.aac	8967	85fafda0c7c17b86c37cc4d0bde49224a6469acdc273ae57572ca52439ffb8be
fixed/0ca9ca2c71.aac	11132	239b129130c1f350f4b3feb532293acddbf3c5021b58651958e25fa0dfa6b24a
fixed/0d1f373d34.aac	4224	4d7189ca5c265f3eaa3f27cdfd373127b2c3b1f75b9c3c967bee7a2bcf093513
fixed/0d45435748.aac	4092	7b4001c87d258670d8f61761561cb68c1395d6cc5452067c5cc6c43e0dee16c9
fixed/0dcc99cb5d.aac	5890	84ec47982531c324f6a7502ce55016251289ff79453d7c23013b8b2dbc10f30d
fixed/0e330d8873.aac	13362	8b8767b2a9dada8120a955eca1d7537c4d103b220b4a84ac2924172cb05dbd09
fixed/0f2b97225a.aac	4976	e3d80c272d2d30973cbea0a839d92758ec8db01a3011f51359ef0c6d2b8668b0
fixed/10d093b85c.aac	10478	6e5ef75f9330cb697be7c7e4525f9da8b144b3c83ca41adf0c6a0ef843747dfb
fixed/11224f04c1.aac	12250	d8ac8e64ee3acac9efd1bb8100d26cabe541ee121334fba3ca5922ef9149a1ee
fixed/1158d778ab.aac	4916	24ddebbde59967e6cf8f266a8bd5c74a3600300409643f49a886e154468ee8cd
fixed/1288478240.aac	12101	ff4c4edd65ba1aa797075d5b962bab7c47c8293611811f00cfe9ac6b3aea6dc7
fixed/12fd8f6d19.aac	7341	7323732b90008cfc28b3ed5aa8f27312abb93e29a476a67cea3f830f3161b994
fixed/137595c557.aac	10968	d116c481545c4ce436fa5a74282abdeff3bce35dbc762683f9e01606504065cb
fixed/1376d8e05a.aac	7210	f4f95e13b485ddb5dbe8472077467eab9dff9d5d6ad56da8e3c6314d0f0aef5d
fixed/13d6a55898.aac	7933	24dc16908954ea1997d4a2c1aa33f2017986a528ad8b304cbd54bc43d5cc8525
fixed/13e5732a44.aac	6802	3b0c37eebe28126daf11bd29ee05c63a9be64460c1311851453a5e1316bde06f
fixed/145bd202c0.aac	12487	f70756f059d1968ff93112157728b0ddbbac8b70063322462bff6747a7239678
fixed/14b29d0920.aac	6221	19df210d6cda2546fc5b4c1cc03eef793f3f5ebf7e3f9602a1c53117bfd725a7
fixed/15159a0e72.aac	15478	403f1497f64126e2b944ed6709b701758be2a8b3897d71bba7bdfd7b12fc7ef6
fixed/15d1892e25.aac	17264	56cf0a7b0a40921963e8f26a1962467eab134357b88df96ad7455b906184bb42
fixed/1656a3dcbf.aac	5886	b2568b36a8a409bc9be44cdf03524398ddbda0a44f205de574dab5956a370d86
fixed/1672b18bb3.aac	18502	c9f9eb516a7dba696c3272aa9a9406be9894849873904c0a49d13d2eafa43b51
fixed/16c5ca4340.aac	9468	ddd070af188048df860a03da26c8117f87756358855be72bffd08994ee2383dd
fixed/17492f90f3.aac	6376	81cf11644e6c501a408f3c142e9dd06f5a150a9e53e50810c469c1039de8a0d1
fixed/1787e4eb6c.aac	5970	858da3c6a74753a9c6c4db4d0326477bae4f7e0352e3b513afd8efe5a5efeca9
fixed/1850f249cb.aac	10674	6f21c18f25006628872160d1550b3e331dd45d5efcbcce178bce8fdf20a54a50
fixed/18ad772352.aac	6844	7e50e4354157072098ffbe924c8c1d7990374d10c70084115bd93490f4f247ef
fixed/19a4ed6f29.aac	10307	6db16f81453df7f45473063318c3584d657d0beb98bdb043e61b1795a39c99ad
fixed/19ff69a32c.aac	6985	6b9862a7f0d60df6dc73c8ba1c4426ebf47e21e4afc9aeb8a10148bbc318122e
fixed/1a4b7d0ea4.aac	9045	62bed4d8847af6cf8c7cd0f0f9a7041addba2119c98618b96f851b420a8912af
fixed/1a87764cc5.aac	6025	ae8f315076f9cbc27468cb437b3b3b1b67ac1b7e97b70594b8fbdb13e1a2fbf2
fixed/1a953d16fa.aac	7105	14c6bbd983cee92594deb8258944464bb4b37144e315e6fefe39a2f5e5420835
fixed/1ab231db23.aac	12005	fecd40e33489efb5696a9f09c4ab1960164c25296d8be89b4dd91a75fd2fbce7
fixed/1aff1f5cec.aac	8895	4cd41f51f8449e4354ca55297bc68b23df2be66ced7342df08e731ecead1e706
fixed/1bd21e3e4f.aac	10023	b59c8788c79575d3755f9cd4182dab1ab3a4e1cdf83039859a731823e0653a39
fixed/1beebb501d.aac	9725	93e584376385f068bbba3804a9d6846aab568aacc3a357f78bd26494d9fec9e4
fixed/1cce38e71f.aac	11344	488dd5620bdba73746777e41aa51540a8e68d042ae5194633c55f39ce7601257
fixed/1ce333b10b.aac	5390	b49259d4b5b2719da8ba05f4e71ca1f7f4e38e36ce75e2e09e6b1199b851739f
fixed/1ce81f098b.aac	12393	a0d0e6399a0b429b6d320f67945fcdc6cad95d150c6858d205947c8bc59f17f6
fixed/1d01c8c5e0.aac	2825	2ca220a2f558856c9d1149955b23bb9a00196ed3be05092983d4e6e42fc2fee5
fixed/1d6d184370.aac	5733	3454c245c0fe51d8bf34b5b4d9c8c4b7760d1ee38705a3b862e781cf0641a601
fixed/1d8908cd62.aac	11029	29d8b84438e85d242a7484cc55f9ba6de16b1d288c968dbf8b5c7abd936f27ee
fixed/1e27314530.aac	3746	0a08cc378e5d3ca7f52fa578464533eedcd296d3bbd1d1e25e8b0399d643c92e
fixed/1ea7f52af4.aac	7777	9a17caa931674c182d205c1a802cfd4f7da1ef3437f7cb1f404fedcbe48f4b92
fixed/1ec250c26c.aac	5941	105deb6ea1dc3a284e4dd9c7bfc4ba171dd3c8f8be9a072af252ff27e95548bd
fixed/1f44ee2610.aac	16882	a0245494c41d81015bb2b5a01aad0995ce1f925aa5b0c7071e017b894a90e32c
fixed/23a56ae1f7.aac	6596	4e48598589600a45ed83efd7b9ed25d28a54158a2a30b9d431ae27567a3df391
fixed/248767822f.aac	9834	f39ffa10e12241c71392d12f8ac50cbeee376d6affb51f815d33010a970ae424
fixed/24eb7c15fc.aac	15514	85a9cf2871438871e4d6be6ef5717fcc980651cb7dc83c213f022cb4e79e2a49
fixed/261399d420.aac	11250	f2397736dcc8a5436e4ed885cdfd033665135748ede7f75ba94d1090d467dc4f
fixed/261ce89327.aac	12040	ad03948b098d147d3370acfb8386d555fc33cfaa18e53a759f625457756775a2
fixed/262451ee4a.aac	7965	d63e62eb5a74258124df0f04d980a78d3cae8784e209495afb00e947215ed14e
fixed/26315eb1b2.aac	6535	1b99a623bac5881594085acbc2de72ad7e776fc211fb7677f15208adc5f05a81
fixed/26653ab6f4.aac	5556	cf6f425af54bb7e0136ed735e908c2b7a647ad344dc5d7975ec0af3e2dc47512
fixed/26887942c3.aac	5453	0a6420d9353cff722b79882dc682ca27ed7980938d47fec4b9350cffdaa21a23
fixed/26ec6ade01.aac	6144	de76fdacaa66de2b1ff4d74e75ebd3dee115d6016310a965d4952ca305c2dae4
fixed/2756a1a2a2.aac	8799	58022daf699e6a2b5da515be854908805faf8a499c6fe914ccbb978a68f40b8d
fixed/281e70e198.aac	4739	8fbcb263979d1e219eaacefc7a29a95bbeb503e342258a86cc741a403f82daa4
fixed/2a498b07e5.aac	8654	1295830c837fd8a27de789a7bac8828089a450854eba64fed9f2dd96923d69fb
fixed/2acf071183.aac	3237	7f8aa5feedb73b862ef066dcd4e6e6b47d8e5fa09a9e466830d89da1ab90668b
fixed/2c451cada6.aac	6985	7ebd650edcbc55a61e50c7d9bd00a65e9518d312a86b44321bf24a47376905e7
fixed/2c4a421f0d.aac	6991	5e2d6bd06532b1cd21bf80b6b026ecaa49c61a1d9357c6d445b078f14200abb0
fixed/2c5f2d0d82.aac	9402	fd377ff86884503ed01b0d197f7c9a80b35f34c4218be65cc37b3572493d68dd
fixed/2e5e56b09e.aac	11161	c58ad986176887c13bee8ef6607c4c8e2df23e8d6c97d0e0a561f9a68e4c772a
fixed/2ee1c1861b.aac	14772	0885d1fcccc703d833a4bac82bd9b470310ccf58d9da68337adedbcec0c965e8
fixed/30af6546f5.aac	9576	a7f6dc8a2dabb8f00096ee4f324cee80dac3ea7777e1012ba9af34d0dbb0bb10
fixed/3156df89c0.aac	9740	b2844b58a85fc3aa96bd78fc7e23f9490104bad48b15e0722e217a843dd1f892
fixed/3168d1625a.aac	15686	45ac3539575073f2dd6414f9c34270dff3e0fe183bbfcc7e1a77d20cc5c3a2b4
fixed/32817740f1.aac	7815	9feec8f313bf850de9983cc1aab9c484f16d514a1ba7af4fbb235a7adccc7463
fixed/335dacda0c.aac	8174	35a8c2a695e6bded08db3d8dcca40b1ab2e2d786f1f4a6b5e35980e40d9b2d8d
fixed/33911d75e3.aac	7450	32862bc55306fc53d559f2a8e04e427bc4dab61ed6aa2629034e46a0707daa95
fixed/3401773ff8.aac	15084	73b7db20d2fda0e7d910273f93103c925b75216f95d775ec72dfb0f661585029
fixed/34c69fc48b.aac	11646	b2ecf71189af022f9a0a2924c1e797525c35fcd889bde9d4c806684f71423344
fixed/34edd6826d.aac	5725	b5638dfecede2f28788ac2ebbc5ba8117b95f4dee128207dc97d8360e28a2cb6
fixed/350bf1c67c.aac	13016	bfc445197681365f4c1a796e83de8bd48b365e301ad1c463b6370b7d093f7e47
fixed/353d255cba.aac	4761	db48b7861557037ef55a3c0d83616de5e635562c436fed0874842b580f91425f
fixed/37e3671781.aac	7356	c22004acd47a4162004cf2fec4e7cc1d8f1ce06a1397f0c0b05c7cb5213a5296
fixed/38ca86e21b.aac	15337	335504d6f13be33c0c30dd3ceebb3e75b796768b261116e7ad8be8abcc9c9759
fixed/395d18c0c1.aac	5439	9c70217da8cfbbdbf5e3f5e189245e4276af9f02acc99f42725c6ff5fca56177
fixed/398aeae383.aac	8259	970fd1ed6d473a10eb211ed3b368038b0e2d0fec0d2ba176c7d17318962a2804
fixed/3a7b5792ec.aac	13589	419d5bdf00e115e5b2196dcc3342e7bb5cce6be57770e8ee7ec0afa612280370
fixed/3da3ad6938.aac	12985	9518495b9ae9b730e239323251c40b123bbe5e8b23900ca895194cd24530df98
fixed/3e34c22d9d.aac	12740	c25924fd492ae5fd534d9694f319966af00228caeabd03cd9900fc06844a0332
fixed/3f84a1784b.aac	12381	ef50347b8ad30cd53e90619a6f783ba6c164640b39678b32650b69d0aa5abae4
fixed/4129e5a161.aac	6831	7268fb42921cac2599882a214d68d7c7f1db216534a3ff3e0840c79b9e5661c9
fixed/41aaca871d.aac	5797	0033cc26968637221b3ee03f1430ec7449904f774574b2984b59a59fba91dff6
fixed/41b0b4edef.aac	6512	2afd9c762b989f4523b30debb2369a15ea9186f43ff2fd8fdc7f627c10248936
fixed/4271dc7ee5.aac	4952	4e70319fa4ee732fc1c55d254bf1aa4b4e77cf267a4b3ef0f5ef7256ba7714c7
fixed/4285fa0e63.aac	7311	c10246cf34a4e6a37487537719465af4698f2568824d1769bc8301e578ebf7ae
fixed/43294e8f01.aac	6059	27b9cd6fe0a4e9a4cbfbe646e8cb3d60a309e31ac38469ed4204aa459e5ce19b
fixed/43f3259abb.aac	4043	22cc6642f6a77a035e2da3300bac55c2051f67da112a9dd7c8cce27c72216c7e
fixed/442dc2141e.aac	4952	0762b43297a5f7a9c75c6d9ec97f3f4ec4d18ccb80648f795b0a9f62c4a76122
fixed/45028701bf.aac	10028	d8df2f2e31fb2f852ea9ccf6e5ab23780d36b03a304bb9e687c6c08b4186b285
fixed/4544f580ff.aac	7180	9a71000910551800dec1e493cbe498feed7dec3a6e4c5d55375a736c75ff8ae3
fixed/46563ced6e.aac	15485	11a67e84982fc72eaa4d34a05b87f10401398c115d60a29b4fa5614978bd39de
fixed/479d18c459.aac	15393	f962cce219cd3b4716487c1af8d04ce07f725c73481a1bceb4a520d796a8020e
fixed/48a922202c.aac	5550	52c9e6261da7ea225b3e8f2e42dea31d3b359fe151977b38c97913bb4cd35751
fixed/4a08101c08.aac	9565	f97caeab2b3a0d7aacc2b862d48077900237d1ad3940f6926073a4a7b44c8127
fixed/4a77e8dee5.aac	5994	17ecf23d058cd246a911dbb6c2fe5035c56977835f2b6a62e10fd8f36c41d3ff
fixed/4adff86569.aac	8565	e93f7ba59aa6d4d0982018698b50bbdfdf79faaa4b78ce29b0a03791d680a2cf
fixed/4b3c489b65.aac	11123	cb95251cdaa99764898307dc5a242a36a3df81f4bb0f7605768682191cf6174b
fixed/4bbb1239b0.aac	6748	e2c5dd5535b40aaeea06daa1752053bbc1ebc2f66585c9b9f1d5968295e41d23
fixed/4d2f34382c.aac	5336	d73b5dea8507c1b633cd3d820334fa50070262e495293f9b9bdfe8e405d40139
fixed/4d46863f86.aac	8544	b897d3356563db73c8e48c229f8dac893b58fce0090db2e9343090812d222c8d
fixed/4dd7b73360.aac	5584	1399a683a4e512c46140b199c9129714b2d9bed760f47678399686f2e4c3702f
fixed/4df998d5ce.aac	11161	66826d9c18e445df1cedb7239546b65cc0e2b9c7f7716c3a8810a17d904ed163
fixed/4f3d9efc9c.aac	3355	a42b4945ebd4753ebe8868b13ff26317ea7f53d4c24bf2ff81744b09362112ac
fixed/4f9171d433.aac	9831	83ecdf1d6eb599e85cabf3fa4f34e1f824889e07ecf1ffbdcaf807804c5b1c0d
fixed/5046d07077.aac	12669	d89661690462c67995ef05d857ba85c689617c56beeaee80842a787948d5492e
fixed/507cfb1aee.aac	12496	557dac1bce230eb4b6a75921b699b59744f51e2a912f3c49e934abab22be5c0b
fixed/51db50c465.aac	15488	a32bdf135a335e8ee40f07aa4236c2ebacf3d0f0075f8cfb0ec1e4eaebdc7b09
fixed/51e7271138.aac	4693	b34e4a32e8e809cefb0b7e88fb650cac92f4469e809eded9e23b154cd077044a
fixed/51e9d82d4e.aac	10593	956136b0a834ccf1b899f6f6a270114da42aed3739300c29158a266d6cd45ec8
fixed/523f321f9b.aac	3718	1508b0030d6e0dae2788bb659ecf83f2f0aab8ba288235fd90e8f24b9c135668
fixed/526fb6724f.aac	5486	501d8ae7ae6ed1ef23b9176d9a6a0718bbd0b228582914b0222178080c4e4b23
fixed/557c200901.aac	15264	ba519a4fc9604411c11bc254dfdbc683c797575f510dcb3444b7ab11ee28f19d
fixed/5584f7b208.aac	4768	a062d5bb8f0c18696254073beefa68af5e59952814f74016e172dff4c4c21da9
fixed/56e8efd67f.aac	12290	c6ce5aaa910db4376b3c1cada1db6e79f178f8c467578359c895066715e518b6
fixed/5762591df4.aac	8208	767ba6ef518ef0196af6795d13e24d3dc74180aec26802b7e28b6e28154a1e2e
fixed/577c9135f5.aac	7178	49fa956d0873a2b45c10ffe1a18b52cdab18669fe237630ad4eb4eefeec69427
fixed/581ed4c38a.aac	6468	d7b57674b682b2276e9aa488a64ab9585ea0a97f5f460e5900b5e695594f1b8e
fixed/583f2c676b.aac	3933	d60f44ed631fb3ac9f33848263933a135873b2557e0d7bd1ca48c1587c78588c
fixed/588333ee03.aac	9408	b56c00b113dd5424abf8bcbcebc4498b19175181b663ba240fea9d17c40f0b5a
fixed/59f0d06ead.aac	6013	76cf6e144454a7bba0060e189f1eb21c21edcf166006c346ee869adc39201ca6
fixed/5a06735334.aac	12340	5d6851ce2c714786500039e5aacb603689218f3617ac8268f0fad6ac474ba163
fixed/5b03bb3c8e.aac	4997	cd7cad868bfaf0d6df9ec862662b671336e7059eede50d354627a4c10d462b65
fixed/5c2555c1f7.aac	8603	e0f427578c4a6c98eecc4b0fe229c5cf30233cbb9c0a4bf7691464d9e79d1115
fixed/5c3d246de9.aac	12006	be3a34dd0e31169c1684e755f9c8473fe9be61b13fcace876bed7e971c43864e
fixed/5c719e1491.aac	6850	04cfe19b2ae3a4d334f01c9e81852673e0ef83adcdbf9a1f78bf054178457a35
fixed/5ccaa2944b.aac	12559	29fe264685594624267be758f83f8da8b628a9c0deef42670ec7e3cfbcb0d4df
fixed/5d0b6d454e.aac	7931	885d2492ccde07b5cb059ca434db62c8029c87f6eeaeed65556a5209c9580f00
fixed/5ee7325db5.aac	17231	e3a7e6fa7fecca7e72acc8340ab664557304cd53a3921843eba94037f8cb5ba2
fixed/5f78b045a3.aac	14097	1da1a202aa7acb666dd3f237cf76449869dfd1f5c16e8ca887a72468fb953568
fixed/60ffc36a32.aac	11954	e21b435dbb44eb38fb9dbd4eff1bd69731f8638a0abf6d2eb6fbe338178791f6
fixed/612ffbcf62.aac	11562	d2e2076bf9e7ad5475892ff78d69574f176d1047d1f40aa97922804e4fefae05
fixed/622d8a89cf.aac	6941	48f47a382aa0bcb9d8b4a2f5e5697279a25fe749ee8e891d81a9bb478ee486ca
fixed/62a23d6daa.aac	8690	467a871a6f519b914e414564667e89f917219b9e762866f9d98e1109f68fac84
fixed/65a51b4a5a.aac	13051	b32c141157628e1a8313ccbab5f7d9bd539f084948996c6cb192c396c6c8c53e
fixed/6661818a0b.aac	6700	1dfdbc3d14f302375a9ab32218a158a9db53b59116251ffa90d91fc0b0196c17
fixed/66f5663055.aac	10958	e2c525bee135015810e7241658b1d9443bde1573c9b3ed7348c142dd277492b6
fixed/67e1cc596a.aac	14139	0bd3de335cab43cdc2ad8f0c050cea21ed5c6cfb575518caaf058a5dcd42798c
fixed/680efccc8d.aac	8343	09cf1e3e0afacec12e230705434deb929ff37ab5d9c47bb3adfcfad05ba1209a
fixed/6993695d89.aac	5133	24ddf8893ee81970ff035e842c81a414435f9140887ce52c59b0383ea4acc54b
fixed/69f97f730d.aac	3543	ee5c6f6b3460a0fdecfe581b09249a65ae3efacb0333e5a92181932b88eed904
fixed/6a25169221.aac	12156	77d3bfb42960c39ba4b03b3f4cf0351a300f0bd90266354f3b2a483c712985f1
fixed/6ae618f92e.aac	7686	56122e82c3020faab74a41d580e1e2082eb71d292ffb25e7009cab72fbdafa6b
fixed/6b061d5428.aac	10605	f377f0c0267ac07ef799f3a02771511ded15e67fe7445cc5595a6ee4c3320200
fixed/6bb41de507.aac	7078	89a6ede6d665ae8895ab46ae0f9436541d293f32cdfbb9fd0db1b9854c8ab0d8
fixed/6c0014bbdb.aac	15867	84cc6f1a83888e79b3cb9875b1d8b0a014438e46b6784b3d64d4c78b1aa5ed07
fixed/6c4f8d1133.aac	12104	bed5f2a8a2f676ed68cfd2b2eb0cc96b5423b88d9fe4a39c7bcb09ebd0e4e6cf
fixed/6d145834cd.aac	9414	4320ea2b70933853dd3ad45286dc296d9c946dc66be683fcefeacc92d3c9f2c8
fixed/6de133e52d.aac	18911	e3f1b123a4adc401bea11bb2597a4710b53dab03deb7865d99ddf717e275d023
fixed/6e73ac303f.aac	7726	b844479c2f0eb1c98629747af6c027cbcacfeea8d34557c17a9d2b4d2c0fb213
fixed/6e80689a7b.aac	19424	b6b2dbaefd030eaf4f6484b948ea39d96a399ea8ae902cbbbdb3bc42e95ab58e
fixed/708b932ca5.aac	8305	f8bc861b22ec9e7c182bfea3e0163e1395471bed570aac15fecf2711304c9c28
fixed/70ef8e5460.aac	5796	a8998dec27e15b08f321191a6e232fe5ff7f1a30e901d2e44958798417cdcfd8
fixed/711af47358.aac	10538	20659ea5fba29f374a5b057db801f28feb7615447069804929613b0ed175e952
fixed/71bd53a6ac.aac	10574	1581488c788de3ccddbc4914cec1b7dc07f74aef7f75f36f7d63a380eb6f163f
fixed/72368118f5.aac	5017	ba494076c0f4a805b6d723432e0cccc234b39f45fa250e92472611594907f47e
fixed/72f8221a77.aac	15433	3d3e57ef1fab7c4a7c2ace58ff5171bd860602efbaaa84980f91778a3ce5205e
fixed/730692f944.aac	7328	71aab73e0783042e8402314f853882d8e38b2e55af3a61fe06536b167e9ad1b1
fixed/7308b42b60.aac	8257	a95b56ab2e9cb9f680609629960f0fb80de8c61b39fe9081bb47156e44c6b1d9
fixed/73107aa33e.aac	12989	2c4c23c2f6a45a40d98492192cfc18f4e6cf37e12f70fe994b05de29fd639f33
fixed/73db72f550.aac	7199	b3f3a20c2a10bdac3717429a7b9dde009b067fc393f220543258e3b7ffbdc678
fixed/7476f93ac5.aac	8800	aeb85da554325319dbfb9be3423462b4b94f536973be71ae4b5ef0e8b4a99635
fixed/7528dee3d5.aac	12962	44461654bba78a69aa3b2fef2d6ee3507aaad86395eea69b1d4d91d6709e4bc6
fixed/75b6192f49.aac	5862	83c409b60d722331c3313147884447a27b6b440bcced7f2b598a24236cfa6707
fixed/76d8b3c9e7.aac	10222	d630675bbf2ac111d0c719d90cc53bf57488f68506d90964b2d0f8001eb79f16
fixed/77bd8c4670.aac	11546	92d10d543eaf6ac6115e7139ba43861df9529fd0d15e375cdba5ddc7241d07fd
fixed/7a1566525c.aac	8706	297be18da90cdf820b67f558234fce433461c9bf933b246dfb1bfa7b1f7296ac
fixed/7a8b7bb039.aac	3594	17d879ac0c97f4d348f87663fd388b6ec63dced1eacb9b371bd0359bd64010e2
fixed/7c2ad6fee9.aac	3121	c420152fe44e574cc994f6f402cde3895264f141ad9ffeeccfd33f64aa4271e3
fixed/7d6b064681.aac	16104	dfa152bf1ba4d51de68291315e9a9e80ab8206c08a5a4a89463e8c8592d4ce50
fixed/7ec05ab076.aac	5561	791bf644e1a088316d733c85c911dd4000728bc35dff0200ffc757781adc2197
fixed/7ec1e9ddf4.aac	8172	8383a263c4bdd812e16ab6fe53aaeba68d75daf00dab1e2129170c24e3e0c21f
fixed/7f2afc1a52.aac	5948	cb1d63712a380c0992e0f8fa8111d650977403864948bd37389bac2240f76e14
fixed/807dbf48a0.aac	8710	83f5390ec650fb4c71aabbb7e4173d6347013aaae980942ec0ee528a4abe690b
fixed/828e28fd79.aac	7528	3128c2a8f3150d5bc73a2298d89fe23ea879e34c649cbd4d682997fb282386d4
fixed/82f49cbf21.aac	5376	487be46b0b8087562f1fafad600e372099c440d94a2678fa9f205761f50ca976
fixed/834216d7a6.aac	8908	42a9718f490d3dc504b7eb2431ec289e6e9feafa90ee153c04da50d9463a31c2
fixed/837a547091.aac	13316	4dde50cabaebaf5e3395cfd8c35964b4fbaf202878d697ddd7f06262924c96b9
fixed/8386379354.aac	3044	f83f5ec6538c33b18298eafb81aa5a0692f35b17ceff32781998f74b9ddb1759
fixed/849a891237.aac	3899	2437d3c36fffd9d6f39ca4aa589cffad745ba8e43bf736939f85cff3668bad00
fixed/850d7f046e.aac	10483	3e2c0f2187c45e448542c05aa757e7184ec1214e6f133aa36f7631eefbaf15f4
fixed/851bfaf219.aac	10383	681980af7bc570d97e3d768be09fd9ef44cc87c67419bdf12693e417afa900dd
fixed/8574c26969.aac	10650	dd36c01b209c3162ba445bfd1b23923898a8df821c7eb62533deb8285f246c03
fixed/85e2eeed06.aac	15890	d2cac6aa89632e291db2b25b02dc4549020e3318b2e4db4a325c4ffc1e655ce3
fixed/8702e0721d.aac	8165	07f02dd128d3138c25cfe1129892494519165305785f7af427b1c51a57ea47e0
fixed/870d7190b3.aac	12532	a3af0ed130cecac8c8521050ee7a856ab28ee12ab58063070ea32adbd14b1474
fixed/87a1212ee9.aac	5232	19f0ea7803b44ba963d8b3519e1a3e15a66a7fce419064b9dc460bb19cadf9c0
fixed/8828e55a37.aac	15963	d78e9f251a4b9ad4ad1dae0b0fb8d7c020e022476c0d4cf60d58a0330010141a
fixed/8892c9dc45.aac	11331	621c4da0f13f1d67140f084ba74f772748d590b5f48b59c29294bd13ae229d67
fixed/892994024e.aac	5922	d1a1485f922e41ac8eb8bf5dfa926e1f35b486050544e17b42d403fd9da2b021
fixed/895e4ccf3b.aac	14411	28e4f6030e18393bce2d493da28aee52260bfbabce3d1b141f05ac384c3111a9
fixed/8a91525ea8.aac	13895	74b593d72c91131eb0ff4cc9cc873cbc38f5861fe6a23ce8b6e53d5b1282b17f
fixed/8b2e3044a7.aac	12506	ec37d6ae3a1149ea07018e7845b9e527132d46130e38fe3a890dce85f2251c65
fixed/8b603a84ed.aac	14489	895b1c7c58b6011a99966e020771f96c623351f8fadc93789a248b83ee55c153
fixed/8be2647771.aac	7192	4db38497ad1ac61c45bfa6d25833a8635e98afa6821b954d3b33a38a9aae9b3a
fixed/8dc3d6cdb8.aac	13436	48223da05926fb99d083ff8ddb0d81a45b4b933d8901a0fa3d97009f455383ee
fixed/8e3717011b.aac	4888	b2f84fd447de32cee4537e60dcbbc057e8c39362ac6ab05cd77e61eff328b8bf
fixed/900f7b8f82.aac	14806	e1a3a591b53319e51b5afd161e1eff198ae485dd25571d9930b8717b05e26252
fixed/90849694d8.aac	6664	3efb8fc8bf91916d560f404d67203ced4ebd4c81a814a443234acee0cf04fdbb
fixed/91d0ff778f.aac	6451	09bbae3cf9599728afb83bc8d59d85b970c42d13d3ddce6417adf8933947a84a
fixed/91d4fdffbe.aac	9238	e37c6b49ac381c06f580eefe973cf0f073d85cd9260ce83dd3636bcd5be63c56
fixed/91eb8646c0.aac	6987	0333a706b239ae455f13924bd11437ff32bdbc427d0d770de1646abf2d5e5d61
fixed/92346573c1.aac	7340	797abaf952decca0b3db11eecff4d55f5dc7278b9a61d0ca8c3b1cdb50133fd3
fixed/9437064397.aac	14615	8cc6df98eca02457cf0d33fd5d6046033d6b12c413f22278b329f0365771f82b
fixed/954fbca107.aac	7158	21ec65f34ecd60cfe9a01e7a8cc6f683ac773b6dce3cbc77c2865799ddec2d32
fixed/9564eab780.aac	13490	83b7e6e3344b2d912995e74a5053ba3889224bfc194d3e7179806e9991ec350c
fixed/95aa12a200.aac	12292	f34c67286b0399d70c7f3b78d758c63dc896ec6c171d5ac5045969002d9fc4b5
fixed/9adbf29ce2.aac	3547	a9adb9aac8646d8eb732c63e2e480eccebca43d95d902f08481fd5e6213a7b31
fixed/9afb835126.aac	3459	118ee7c1b84d46a7b4168ea284608049c5f03cdd2122eff85be9f3343c8e45ef
fixed/9b29141581.aac	6725	8dfa6bc432945bf338b73bd0a0e6ecdc77dfee4dde8290cba49ce2b9e8cc2b63
fixed/9b76135763.aac	6049	159231f2fbb29c4279950a0eeedc90e06cdb95f58262a3643fd53bf5ad29695f
fixed/9c6b2050f6.aac	8955	2f504ae4615a9be9d8e4dc7ac9f4257b18521b586fe7d079648a8905441cda36
fixed/9cec58acab.aac	14083	d3b389b27c840e9cde4dd54ae1df9d01431b527b9e53d36341d002cf32a130b3
fixed/9f0c0b5483.aac	6541	bf6cb7601cb871658fae3c51a0e973d39dc82e5b6db11020a1012d47d38a2c84
fixed/9f4e43bac0.aac	16295	62d07267ca6d53f0994df019323731c63de07920125c407070739bcc3ee38a78
fixed/9f5bd541bd.aac	2836	f61c750aa2599e71604e9de14b7279e96c4598f056f9f2e3fc37a024251ca086
fixed/9f896b5f6a.aac	11364	7a6831e4f4e7c1468895f905f1007a46924732335c32ee0970d5102043a53fee
fixed/a0428769b0.aac	10463	8ba34af4948998d782a35b0b94241d73a61f9769733e4db69a55d3b7e9679ad2
fixed/a056e63ea2.aac	5065	f89b8a65a2075b30582214337d287fd4ee815813efcd150292647b07d40891d1
fixed/a082458e03.aac	15792	3030d7f2c0bf0b9961a741e67828e450e4af5c636bc503539ca508b01a781782
fixed/a121d06d6f.aac	7200	b4c1879d686c405206a3abccb7378f2c6cd412523533d7f3b57b2fe1a9fdfeca
fixed/a1b92303f1.aac	6145	837b76058d7a5915fe1ed9aefe232eb91e6bb85fb800e5d07856b2b3139ffcb3
fixed/a1ea6bf28f.aac	15804	460a89307f475e8f6919c7744bdacbb72eba1001ee132100281f758e0d964add
fixed/a1f5f40eac.aac	4432	e30c4949ff66f16b0d70d9ec7671a6b78d294357ae938713a72c49296d381b04
fixed/a3f7bb20e1.aac	4929	9f6b48072c975ee75e2d1a925f044f12b336e70a9ffb32b03731e096c13c4d7f
fixed/a44a196331.aac	3834	66e689100992f0755bc59f668485954c503c99cb79024df2832b6fd54f105257
fixed/a5844da466.aac	17250	27efdc4fb25aa459c032f1b143ff961ec063f0b40e9eb8ec7581146628a3ba12
fixed/a5b5e2451e.aac	5379	fdda0b0a8f1f3a67ce6b062d6282e0a6c06b7577e1ee3f8251982405553ba5a4
fixed/a708e6e817.aac	2364	4d1bf678559713d00b05610c24d0137d95c6ecbe5afe7bc047d8c96b803f1ff0
fixed/aa2bdf859f.aac	5553	6d579cb54c541c94a0e223d3e46dbc24ecb9bb53bb512fdbc7f559356f1f7cdf
fixed/aab805a4c4.aac	4768	9d6961c2f11b1a8b735445c36d909597eb48874b108ef25af95b5c213ce849d6
fixed/ab368a5410.aac	6263	13633e4c63240d45039c9ae6964b1e349a3b0155bb6920740fa865b5da13bd35
fixed/ac6b05fd36.aac	7523	eee666df3548ea0b0254491d07e7c7929aeb4bd8c07d9167185257a3f7303ac5
fixed/ac7db73155.aac	5564	cc087ae3c0aa4b6a3936a74aee343b5ba232736df66ddf822b72d478150be377
fixed/ac936ad51b.aac	11397	6cf864ca3846ccb34c7db0279951260af01c916d62f4531617f6384926ba9546
fixed/ae13ce319b.aac	11723	ffe5140f0bca663ecff2b65ce52c5717d3bd13d23085aa7baeb574feac21955d
fixed/ae645ae9aa.aac	9490	d61586b7f26e70ce64f09ba170a1e7228b47e636d6bfe5313a94dff92ea32708
fixed/aea7cb0748.aac	5534	13e844f66d5b7011cdba19e26b669a3b316d954b0dc794d0d38c1e224cc8e868
fixed/aeaa9bbe3b.aac	7548	df995c9b53ce86a74601672181c4e3ad41b5f058f8c5d4945e9388bb83844edb
fixed/af0bd0207c.aac	13560	c7f16d57901b861a0c20d2f5e00641324219c7a7233903d6e53fcd280afd779a
fixed/af1b7deaca.aac	3002	0d3f2dd79e67de99eb585cd8c33d837918f8098969fee24d4a6143094fb41d1d
fixed/af82eafb88.aac	12773	468f7c69de2917f51886e39b230abd6e8515033b345011c8736ab8ec7c47097e
fixed/b036c30bd8.aac	16908	7cc63546c07540e51b335beff89fad008230a8ad9b45ddd3327095407a409ea8
fixed/b0f6b08d15.aac	18059	82d3cebb189a2367b9cfb76550caec26101096c39c2d75407fc264ec1d8b33d3
fixed/b107f602aa.aac	5943	ac6d63e9901155fc2cb224b9abd2baa2c8ea8edd57807cd3de137c6d6bebd78c
fixed/b2defcc1ac.aac	13204	99083702341ad9dfe2e4807b6cb2b1fb1496e4269bc00103dc0aed1d41f119a6
fixed/b35c326e06.aac	5128	46f81e4910df503358e0a2c8d2a59061948fdc30c13e2cbf269e54bdfe0cb6fe
fixed/b379771b43.aac	11964	247492a8d3adf8c6731b559bd647484e933bc732af40ef2c3eed1763a3974103
fixed/b55c6f069b.aac	4444	5d9337c4b764dfa0d590165966d6b463091b805b3c63b1811b1f97d427099631
fixed/b5b80622c5.aac	5931	31e2f42ffdd54ed7c42575a2cfe4f8a38cf05f3b2a3c1c661aaa53ceabb0ab44
fixed/b5bfa9d1d2.aac	7007	4d6abf5f785f12e0acd2e9f65249a72dc9370dfc09b4c64e20991491b8aabdf4
fixed/b6a7cb322c.aac	4112	05f540d1eb90703b1bad0014cffbfb67d6d9d1f8b7a4d35e2e0899720e96d24a
fixed/b6aa85c480.aac	12557	e07db4d81621d22c1af00ede2947f1ba84025873d42c4e2081d84088cb1ddc35
fixed/b6c5b2b8d8.aac	6820	380c2f80ea588cbd7e1d3db80c8de07cf420af52aba29ab54705bae4dc6f15b5
fixed/b792e6e05c.aac	6582	c684cdf317e3a0fc90920c920f7404c709418ee633c2b03bc892edbdc6becc4e
fixed/b843783b8a.aac	8330	99b1988eb8db4b0c715b6d397afe4a6c7a8416c7dabb6d2a1af3a457fe1e8da5
fixed/b93fb7f533.aac	11487	15caef8f056fe1c618f69a774815bd79b7be1e70185beabe802fcb1d6c0afe95
fixed/b942cf9b5f.aac	12069	7c77bdb755f3df874d3addad904838d940b3f24b4ccb9235e20890b0aa3f9376
fixed/ba09466e10.aac	12040	6abae500a83bac4dc8d0fc4716d5d35dc604fe02b0c4535d6c321092825cea00
fixed/ba26b411e9.aac	16293	42448753ce709d11ff57fc0a2e0a3481591e939e7e1d5f4c3b7160ab8086cfee
fixed/bb5ac27079.aac	5215	1112ae36e14723af65bc76c8b837a9c1c168e5112703fa260a5cc3271dd94c6a
fixed/bc15854f50.aac	8639	a8911d00cfc6a9e003986f94c8bda135664059217d4ac067166fc7ac62aff71e
fixed/bc9c2f26a6.aac	7795	8d57759b316fad16b580efa7376a1fc90b8d0799da1d6c69b897454a13c7f272
fixed/bcb68f24c4.aac	8158	e5902d3a9dd25a10650c07eecb0a0191aa372bad8d655d1c22c7806def3f6ed7
fixed/bdb1464c42.aac	6592	4a47ce92a2a8c0881c2d00cfd5a18b9706cad7827526ac8faff76b747677a393
fixed/bde6a781b0.aac	12833	2cb2a95c773c7dd69ff4669f23c9f0bd4dca27213a0cb74ff72cd6bf73060eae
fixed/be014b7be6.aac	14332	de72aaf15ef52ff881ebaba40ba621ac87ba57d7246ee586eadfc65439529e6d
fixed/be07a11c19.aac	3555	58722f95281c996e39ad0cd463a8359c31894bb0f48a816f2623c271de301919
fixed/beab2c75ad.aac	4122	e31a42bc5b8822c6a4b6a90c268e9520348e307217a7f364016045dec3c25f9f
fixed/bee36ec9ef.aac	15145	5913f390569fd9b7cff5b74508745a9af91818ac7b9d873ed88bff226e0f1585
fixed/bf30d82789.aac	15982	17836f2852033b800e9e264a7fa5b5a9f0bdebb9b5a6f10031584ebaad5585fb
fixed/c088122e01.aac	15883	a491649a349c20a3744ce46a9c282fee727b55367053b5274f9fca8015cf9331
fixed/c0e43d7100.aac	7619	232a245edec6a1524d5ef872123bc1edda523677d0443b651d8dd110f9e9f0b6
fixed/c11c80d9e7.aac	13601	d87adecc4ce5d86dcc2949202a0ab6cfc3552b50ce631271016e010af2129759
fixed/c14a49b330.aac	11376	879b0c1e7edf9ae9afadf51da418b2e26ea76b9939d5c0550bf03684f4f1bfcf
fixed/c15648e96d.aac	13571	880a925a05db94fe0cc3cceab091147c64243cfc16814d2ec7988a9d5e4bae35
fixed/c17bb91c01.aac	4410	cd7f649cb6b2568636c1a476eb5c12b1a73f34536920fc2d1fa79125ddf3664f
fixed/c25b59eb6b.aac	4516	43cf20ea3c1443996406084d00e2e82ace05e5776f9c77b980680a8799b9025c
fixed/c29fcb808a.aac	11680	4fb9c0df4506c8e0f64bd22975850c146f23f25030f45ec92739705fce744399
fixed/c3580feb8f.aac	6549	2d34d732699eabbd133b2d097324224958a09e5efa1cffa52fa9f453d97e5c4c
fixed/c3fcfe0cf9.aac	6870	7bf8484cc388ad9b353fa1b580d36f9fa544e3338417089ecb4d4390fe8f37f5
fixed/c407c01743.aac	4736	f37823bb35ce88db89507e8a46d2a9ea558c9f84a47881d045924d43cd6b76ea
fixed/c5d57eb8fa.aac	8083	7a707d143f0e6f4ff21911e28eafd2d018877426c72a011aaff0f0d256a25e4d
fixed/c60209283c.aac	6156	a3490c4753fdf3983a0e1501e93523b608554f074d323b156d87be6972753b0c
fixed/c6b84e4613.aac	8122	665bcfa642ffcd8c954eb3772b4ea52838b34da417cb8e609c561992322586de
fixed/c6f73ba3f1.aac	5347	dcbd8f0c011b0c4d202130389cf29bd7a32e966d5bcf348bded71e8caadc5488
fixed/c789e19f88.aac	7419	6a53471448848eb0de4f763126b59142ea1ed059e56882756ba7a3192b427401
fixed/c8b244a276.aac	11912	08b3c1880e0c5ddf87a96a4201221a520e0ff6cb79aaf9d22d55f5bb125b31a5
fixed/c8b42089ab.aac	7383	6c13518db809d5812808a1efbb782fbcb35e375e1a68d196dca32fd90be7ae81
fixed/c9134760e7.aac	17275	9f6106f1d6da096a198c4f98f1880131bd33304b08f02ed483771c88a07283ed
fixed/c91f24198d.aac	6325	a8c62cf90aa91d94c95a61ccb41680c5097bb8bcc9d27ee02e2f694c9189e0ee
fixed/ca0283a216.aac	15252	ce040179d441ae266e1ae6bab8bcb42b74b8bdc26c992d2aae25b92bde4a06fc
fixed/cc401282bd.aac	8585	b6a72fa782cfff959d82a125699a5e4ec355082f3182b211acfd23e8b2df0d15
fixed/cc83f4c269.aac	8333	43e159e38cb5828c0d9e8d86adcdb4902cbe3beaa0a35969b620c1ae6de85803
fixed/cdc6def242.aac	3752	1c3f3053036ed18dac485ae3b3a21ad8e7aa4457a9329f87270fbcf2df2e7535
fixed/cecde4dc5e.aac	4073	eb9fdfb91fbe0b20480c49d357a77ce5e3726c8744e5f54f3effc6fa99944f78
fixed/cf58fa6d5d.aac	6706	19b1fe7f7aa0664be357d1df3189f1c60f32dc3f9d1715ad91752b5202921ffb
fixed/cf802248d5.aac	4400	5916cfc99d42f326244d24870fc9028319c6289cc2256ab33b604954419d5b6c
fixed/cf940a0348.aac	5669	426652d46cd72e1e8e06c962de10673cccf5d915dfa63b86cbe196af3b115160
fixed/d2bed4255c.aac	15767	1a44f4e8f6a6dd68d586ea08417608dbcdd19714401132f7318a38dc204fb7cb
fixed/d2f3d4eb5b.aac	5252	ecb746cad2f95085ab5aab99d76c79e76cdec4e3f21cca48a2cd3bf5f538e98c
fixed/d301b9ca00.aac	6901	7cd5e703a568dd3ff6dab6a1d41a94793eab390bbcf651fab453aba1adba6e33
fixed/d3a0f1f31e.aac	15422	3337c20aa095f022c8470020bb3cf9b3f565b290cf5e0f80888f2eddf17548f2
fixed/d5ce3eb571.aac	6387	20d6d0bc9e4b0ae8ffb4bd880aa15d1352a3a5470fc77111ec5bebb86e0b7fd5
fixed/d66bb8dad4.aac	15474	bb13dcece755ed5f030900d1048e02bf389b1f0dba53c6d21d70579d99c154c4
fixed/d67d134cfa.aac	11775	5b91968236b621e251cfdf48ccb56d6c6a3de5d254210d12ab3199ea14b3e3fa
fixed/d7e62db5f3.aac	3577	7b01cf035b6faec2d6d45592c4505a0af6d30d38a9815a7cdb8e8a8f5da513f0
fixed/d8b90b8c61.aac	13655	8b321ebb04901a1611e7c0d40057941239b1123ad9774e4074b80023c73a8e5d
fixed/d99163c6ed.aac	15435	9bae30685244048dfb1bfb70612d6cfa8a563713e65abca11de81e8cbb415e2b
fixed/da92adc038.aac	8301	bdd1dfeb80a613fe3f5453242a91d7426089ffab163d69dc6711bab51bb9e359
fixed/dabbe226b0.aac	3606	565673bd6fb47b590f5849d5f4d8a3e5253e9d7afd531e6417d3b3fffe0067ef
fixed/dcb9c08adf.aac	12065	a97ae376cc0d3923582c47eb697a4ebd01ea99550500d008c4cd394b454a6847
fixed/dce27f337c.aac	7886	444c0e6a3fafff732b690e8b4fab2538f1b7625724ca5a3803f8dbad426a2afb
fixed/de44c3ec4d.aac	16033	aceb9c9d2a9ddbe5284eaf597dc10609c023db0cb66298b8e30f9ad1f94e0859
fixed/e06816bdc7.aac	12559	15bd14b53b00a5b3058e2a52e2be92bef76c31eca84a6d9334a083f08e1009da
fixed/e1aa674183.aac	6651	32d0989e34882fc97bf583b893e8eff387f79bb755ae74f401de1e3a00ce178e
fixed/e1b8fb58d3.aac	6971	9dd0c856281c364ab98e4a381a374b36bdc71ae9d00aaecead062ba210f794b1
fixed/e1f24dd6b7.aac	7686	2406aecab45549af31f969c226ce6dcebaaf09c81d5e6184adc3b8eb07970c3f
fixed/e21f6ec80b.aac	6435	1e591aa426c7f473fc469c77cdf7c044f3cfdacce7a22f1ca1bc609f5a5d881c
fixed/e255c87f50.aac	14883	5ddbab4613ffa199fa716f9d1ae87ce115fc1e08c5b1214d91bdf3f68bc97f4b
fixed/e367f7cf8f.aac	6520	08d38754453f105c5f72b7898059a85f38aae29e0bbe7aa2ead40f9db40314b4
fixed/e4898a9dff.aac	15765	9d6eeb681ad216c74354f3d1804027a91a457c77f80ce71e5055a10f5cd750fe
fixed/e586291407.aac	9672	5cf52c6e4e41d1794504d3614289c2d5c65eceaf24fb05704674beecb8e2ba60
fixed/e6051a2c18.aac	15364	d307ab48aeb7f33a3e4c2804cf8f6927dbbe6254cad92ced53093f7850025944
fixed/e6eda2761b.aac	7297	d57b772a440de2215d2c5f88db517844dc986fe7724b03467f6ce28952dbd0d6
fixed/e79a3ca3ab.aac	8254	249f8f34542460f5ebeec31ce810278dfed6bc635d8dd458e0903d453fb3e537
fixed/e86965ee11.aac	6492	c8f8b1ac9f12f2b537833cf638c24e43368f32d33c69b4999abd57247f80be01
fixed/e94333b828.aac	4570	9ba8cb3aef33eb1b5aa2e8e4bed4aac0e814882ad91ecc197392189b79d844bd
fixed/e953b23b7f.aac	8021	18bbc11cdd864727fb5b8213a6c65ccd5eb01f47aa570fb6d5ee79c58de4bbf5
fixed/eabebe5a92.aac	10805	e5f7ed972c759d16acedec6508e07b63d6ce96fa6e8206e038eb5ddccdb9e3c8
fixed/ec377b9876.aac	9201	d456bedf0a2ba23397cd829ffe31caa71c8234b039f52dacfaaf66865a40f749
fixed/ecbef72c55.aac	5411	9e2280b82aadf05e3b9a526230b07e1017213c1c7d755c022431afe13e75ddbf
fixed/eec85cea61.aac	8968	c86c5136c577e7f49b6858d3dd1de567802d352c8d9ba17f95bf591ee7de8c21
fixed/eedaeafb57.aac	10953	1ac0575ae7fac2bf10f046a30ff1d9251dbfe561bfb9b117ff27c49620e8fbc0
fixed/eee8d6d6d0.aac	4964	e9312ee82f750372bf51b2291195583ce651f57d354071bcea3797e30be117dd
fixed/ef85f1ce26.aac	16657	18c0d2a555f225a6d271a724b6c2ccccbf7b1cdaa00348b2957a04de090ab598
fixed/ef8823ec96.aac	9508	ab7d5a4d1ca4af9c87b8c68201474a17488c8d286550acc1751ffa9e618e22bb
fixed/efaf954133.aac	13068	5f09335b2e0629472ea3e9480ae6519569007a8f9d6605815880d7c31a70a061
fixed/f056b6ae57.aac	11546	86826888cf39ef24d1711b152135cc009e7934634c3e5601106a59695e8ac6f7
fixed/f0858f8f19.aac	9113	66cf9f775aa1ddbda5fe2b5411065e3b40e3beaa0c36237b2680c77d665e3a79
fixed/f0d81bfa72.aac	5528	7976aef993f28c40ef0c3440f2e64f337fffac427c7b2e6ce131dd22afd98c0c
fixed/f1388f58fa.aac	9473	86cd2004da469ec62420d709ec35a05a140be8c780872192be390ba433dd8e56
fixed/f1c231aded.aac	5482	f0eded023ce7a1d9da687b28e9e95de266b9fc2ef8b05aadf231dd624319b5c4
fixed/f22b87c84b.aac	12339	f5ab77b25fa178702e0c71ebab0f4066aaacf00ea0fad7412d5aeae6883e28cd
fixed/f22d99990a.aac	11554	fe563ce9acb5ec3032584408ca5fdd2031e4ee06b539cf69d98b1d15d7317024
fixed/f2a513c39e.aac	17093	8866e88f39b580d04c257e5fe12bcf488e8a17a4e248fd10c2ac480eedf11a5f
fixed/f2b3c82bb5.aac	12537	586a4f52090b83822a78f525b657626d863fa8ed26a0bc8e3dc391e411ef6b33
fixed/f34ff4d4f4.aac	3997	feec65c41ab33b568c694f22def20bf0638965ff1fc1c0284ab9afeae58bd404
fixed/f3ab104a9b.aac	6695	6fb93e2f6137260a6c865dade6702a15507c64cf9ba3d71a951bc5b1d92f6ad4
fixed/f5f88207b7.aac	9802	762ca52ceb3296b251528aa68b3f96b42bc8408172548f017c1e1d371233426b
fixed/f64673cf1b.aac	5377	6a0a7360e78b8399c0551cc539e2ca41b8532c7a0cefe5cb33be3de5dd94f8ef
fixed/f66076fe30.aac	5070	b7a35b0414174d77ef723c2d649fa9795862b893de138aaefa64bafa02a68edf
fixed/f7025a08fc.aac	13354	ce0aadcde3142acb7c33a191ecdd82c43efa4ba0d629e207c0c89ad89c1d3092
fixed/f80f4077ea.aac	12026	cbe79166b55407beb3afaa4f602d86fec8d329d1bd8b3043ee4f0146a0a6aebc
fixed/fa63e30507.aac	17936	7b06376a6c399265564c302f4b26a1115371f3b531861007ad147bd3bc8ff23f
fixed/faa53f6b3a.aac	6368	3eb34babf54e62bde5a592168aaef63fd231cdf5aa126f1762315a1230cec6d0
fixed/fb0b5638de.aac	16981	d10bd825051457f996236e8e7a2b136f15bb5fc7770827868bd1b2366c02c08c
fixed/fb89cba84f.aac	8353	1ee4c0b1743358f81d9e8e7cf300cdc22daae032a1769caeb38b1f36ead68f77
fixed/fc8f8e0029.aac	12430	0cbe4d2f313c82f1aa92791f1bb7d707c7846e923af250daa4f53b6d869636d6
fixed/fd4f4883d9.aac	9486	5219354454bbe8e14065349c96a19168d4a379376f685cf87b18f4feef58aeff
fixed/fd86c7bc80.aac	9803	7234380c8d6d32dcd4fd4ee5542416d0bc79e2c3abb9880e6c2572c5754d12e2
fixed/ff25bb2e37.aac	10287	a186b5cdefe09358c6323de923cae7ca362147b0dca04c8e4e9bad924749c96d
